epoch,time,train/box_loss,train/pose_loss,train/kobj_loss,train/cls_loss,train/dfl_loss,metrics/precision(B),metrics/recall(B),metrics/mAP50(B),metrics/mAP50-95(B),metrics/precision(P),metrics/recall(P),metrics/mAP50(P),metrics/mAP50-95(P),val/box_loss,val/pose_loss,val/kobj_loss,val/cls_loss,val/dfl_loss,lr/pg0,lr/pg1,lr/pg2
1,27.3152,2.38114,7.66443,0.71017,3.97909,2.70658,0.04289,0.09003,0.0543,0.0173,0.00019,0.05944,0.00015,5e-05,1.87246,7.90644,0.70511,3.68235,1.93361,0.00011669,0.00011669,0.00011669
2,36.3258,1.41074,6.20248,0.74744,2.62233,1.66472,0.58517,0.99091,0.97012,0.74032,0.13952,0.24685,0.09625,0.01424,0.77915,6.18253,0.79591,4.98109,1.12846,0.000249555,0.000249555,0.000249555
3,49.8222,0.96016,4.40975,0.79952,1.66054,1.29332,0.84722,0.83566,0.85281,0.67482,0.64583,0.60769,0.50021,0.12856,0.69511,4.65591,0.82923,9.10869,1.11463,0.000381892,0.000381892,0.000381892
4,58.3922,0.79689,3.66889,0.75499,1.37533,1.1853,0.81579,0.8958,0.84498,0.62157,0.70007,0.78392,0.65424,0.20488,0.74045,3.72766,0.88721,6.70159,1.09299,0.0005137,0.0005137,0.0005137
5,72.6061,0.82175,3.18731,0.70632,1.35999,1.18601,0.68924,0.8028,0.68176,0.55002,0.65288,0.77203,0.61613,0.21496,0.73174,3.39056,0.76447,11.8345,1.09998,0.000644981,0.000644981,0.000644981
6,80.4924,0.7871,2.95994,0.70139,1.2883,1.17436,0.03724,0.88322,0.04758,0.03006,0.03176,0.6993,0.03074,0.00932,0.91523,4.05527,0.75765,inf,1.3404,0.000775733,0.000775733,0.000775733
7,89.0786,0.74931,2.60829,0.66427,1.12357,1.17226,0.1476,0.86364,0.15945,0.10443,0.09251,0.36923,0.08887,0.03202,0.88159,4.4042,0.78876,94.2116,1.53343,0.000905958,0.000905958,0.000905958
8,97.8441,0.71837,2.45301,0.64387,1.04306,1.17265,0.44259,0.73497,0.44488,0.27322,0.30842,0.46923,0.26659,0.07619,1.07526,3.3987,0.69467,50.1528,1.68576,0.00103565,0.00103565,0.00103565
9,105.437,0.8184,2.24163,0.64357,1.09059,1.2319,0.0083,0.17413,0.00702,0.00213,0.01075,0.21538,0.00418,0.0011,3.11872,7.05215,0.67586,254.691,4.55088,0.00116482,0.00116482,0.00116482
10,115.337,0.82608,2.16745,0.64051,1.07345,1.20368,0.02286,0.52984,0.01767,0.00948,0.02279,0.63706,0.01783,0.00666,1.61215,4.94433,0.65539,138.63,2.6716,0.00129346,0.00129346,0.00129346
11,123.544,0.79334,1.88948,0.62163,1.02298,1.16234,0.02032,0.32587,0.01682,0.0098,0.01552,0.27902,0.01143,0.00518,2.14598,6.29816,0.8295,inf,4.42911,0.00142157,0.00142157,0.00142157
12,134.45,0.74535,2.23425,0.61651,1.03773,1.15643,0.28016,0.4972,0.21106,0.11322,0.08192,0.38531,0.06626,0.02018,1.66349,6.0464,0.70616,15.5173,3.24249,0.00154916,0.00154916,0.00154916
13,142.68,0.71416,1.95157,0.61286,0.88639,1.17604,0.35249,0.29291,0.2223,0.1195,0.3202,0.34056,0.2049,0.10498,1.99625,5.66051,0.63647,3.61481,2.0489,0.00162739,0.00162739,0.00162739
14,155.248,0.84141,1.75173,0.60509,1.00209,1.22769,0.00379,0.25385,0.00342,0.00114,0.00284,0.27832,0.00291,0.00091,3.18363,5.74364,0.64348,156.114,4.20275,0.00162409,0.00162409,0.00162409
15,164.375,0.76696,1.46154,0.59831,0.9928,1.21517,0.17279,0.39161,0.16626,0.0814,0.19811,0.42797,0.14567,0.05855,1.69759,3.66926,0.60168,9.61415,2.13996,0.00162079,0.00162079,0.00162079
16,173.019,0.73992,1.62536,0.59226,0.86885,1.15342,0.13135,0.2979,0.11686,0.08122,0.15103,0.322,0.14269,0.05823,1.49694,3.74166,0.60985,8.01588,1.90359,0.00161749,0.00161749,0.00161749
17,186.247,0.64099,1.40242,0.58933,0.75937,1.08655,0.23025,0.3647,0.23851,0.12386,0.23767,0.31608,0.21264,0.08085,2.03659,4.92362,0.60194,12.5374,3.16627,0.00161419,0.00161419,0.00161419
18,199.089,0.64032,1.66111,0.58284,0.7284,1.10164,0.40779,0.71818,0.39587,0.31811,0.39732,0.70909,0.3641,0.20353,1.22197,2.72834,0.59673,12.0925,1.69791,0.00161089,0.00161089,0.00161089
19,210.546,0.63734,1.59577,0.60049,0.74855,1.09639,0.65914,0.69833,0.63746,0.5051,0.65482,0.68926,0.63328,0.41406,0.73324,2.39883,0.59611,2.93925,1.20708,0.00160759,0.00160759,0.00160759
20,225.88,0.65009,1.38602,0.59816,0.74622,1.11448,0.67924,0.55763,0.55504,0.32158,0.58678,0.45226,0.33606,0.14717,1.24625,4.16062,0.61365,4.47698,1.82469,0.00160429,0.00160429,0.00160429
21,234.118,0.59526,1.32186,0.5896,0.70324,1.07788,0.59133,0.6625,0.64685,0.53701,0.61545,0.61431,0.62303,0.40295,0.80037,3.11499,0.59338,1.83386,1.28177,0.00160099,0.00160099,0.00160099
22,252.691,0.5947,1.35989,0.59336,0.68366,1.06677,0.64734,0.66783,0.62622,0.50539,0.66052,0.65801,0.63859,0.43832,0.81671,1.60746,0.59067,1.46488,1.21127,0.00159769,0.00159769,0.00159769
23,264.673,0.59753,1.34635,0.57289,0.65251,1.0622,0.95342,0.92999,0.9614,0.85667,0.93997,0.92727,0.95949,0.70467,0.47062,1.06239,0.5972,0.69706,0.9309,0.00159439,0.00159439,0.00159439
24,273.461,0.63148,1.29396,0.58177,0.67116,1.11816,0.9485,0.97413,0.98332,0.87037,0.93091,0.95594,0.95703,0.68375,0.47388,1.11131,0.59766,0.77896,0.92731,0.00159108,0.00159108,0.00159108
25,282.527,0.60653,1.31419,0.55885,0.69863,1.07617,0.94193,0.95313,0.98002,0.86569,0.93223,0.94403,0.96921,0.71065,0.50707,1.09686,0.60134,0.63583,0.96027,0.00158778,0.00158778,0.00158778
26,301.077,0.6292,1.14257,0.56927,0.68727,1.08798,0.96668,0.98141,0.98679,0.9042,0.96361,0.97273,0.98058,0.74145,0.42613,0.99412,0.6039,0.6425,0.8897,0.00158448,0.00158448,0.00158448
27,310.28,0.5523,1.11071,0.55953,0.61378,1.04884,0.94854,0.98678,0.9797,0.87871,0.94654,0.97566,0.97062,0.66832,0.47008,1.16448,0.6025,0.85018,0.9249,0.00158118,0.00158118,0.00158118
28,323.406,0.56181,1.16133,0.56477,0.61411,1.06349,0.74707,0.95105,0.90874,0.8114,0.76556,0.89245,0.93493,0.6688,0.43929,1.09217,0.59717,1.53015,0.91686,0.00157788,0.00157788,0.00157788
29,337.999,0.62789,1.44336,0.56353,0.69085,1.0938,0.96752,0.9431,0.98003,0.89032,0.95778,0.9331,0.9605,0.70184,0.45659,1.11776,0.60872,0.91318,0.91858,0.00157458,0.00157458,0.00157458
30,352.445,0.59676,1.3459,0.56151,0.61632,1.07614,0.94769,0.99091,0.98529,0.93103,0.93846,0.98182,0.97427,0.72329,0.35875,1.03715,0.60764,0.66906,0.8482,0.00157128,0.00157128,0.00157128
31,364.168,0.58167,1.27043,0.55141,0.60607,1.0829,0.96055,0.99091,0.98356,0.92224,0.95132,0.98182,0.9738,0.72989,0.3671,1.07501,0.60752,0.68531,0.84787,0.00156798,0.00156798,0.00156798
32,378.252,0.56155,1.29929,0.55201,0.60535,1.03861,0.91535,0.89992,0.97936,0.88135,0.90732,0.89083,0.969,0.68109,0.46421,1.30734,0.61026,0.70961,0.93591,0.00156468,0.00156468,0.00156468
33,387.737,0.55567,1.07707,0.54672,0.60788,1.03365,0.9611,0.98924,0.98558,0.88011,0.9519,0.98015,0.97465,0.67876,0.4412,1.32913,0.60672,0.54887,0.9047,0.00156138,0.00156138,0.00156138
34,397.987,0.56335,0.92297,0.53611,0.61678,1.04224,0.9348,0.97987,0.98605,0.91253,0.9235,0.96643,0.97727,0.75005,0.38798,1.04574,0.60095,0.64094,0.87075,0.00155808,0.00155808,0.00155808
35,408.329,0.55812,1.06344,0.53947,0.61057,1.05078,0.96441,0.99091,0.98439,0.88734,0.95538,0.98182,0.97658,0.76709,0.41711,0.9575,0.60448,0.58137,0.87855,0.00155478,0.00155478,0.00155478
36,419.345,0.52554,0.90826,0.5253,0.53755,1.03811,0.98293,0.98322,0.986,0.9155,0.97375,0.97413,0.9758,0.73353,0.39578,1.02355,0.60382,0.44538,0.86709,0.00155148,0.00155148,0.00155148
37,432.529,0.54939,1.30595,0.5498,0.56546,1.03508,0.98332,0.98954,0.9834,0.92967,0.97404,0.98045,0.97192,0.77019,0.36583,0.95325,0.60194,0.41646,0.85475,0.00154818,0.00154818,0.00154818
38,444.986,0.57312,1.10197,0.54116,0.63694,1.07073,0.98223,0.99091,0.98672,0.92549,0.97301,0.98182,0.97453,0.77061,0.36992,0.94184,0.60347,0.40918,0.85397,0.00154488,0.00154488,0.00154488
39,457.957,0.59622,1.08919,0.52944,0.60821,1.07804,0.98296,0.99091,0.98184,0.91294,0.97372,0.98182,0.97841,0.74466,0.37282,1.03566,0.60497,0.4144,0.8428,0.00154157,0.00154157,0.00154157
40,472.369,0.56283,1.02143,0.53948,0.58331,1.05128,0.97245,0.98703,0.98285,0.93659,0.96329,0.97793,0.97282,0.77701,0.33586,0.95015,0.60362,0.44016,0.83741,0.00153827,0.00153827,0.00153827
41,482.386,0.5428,1.10405,0.53617,0.56092,1.032,0.96604,0.99091,0.98432,0.88183,0.95677,0.98182,0.97276,0.76335,0.46002,0.93275,0.60261,0.43073,0.89403,0.00153497,0.00153497,0.00153497
42,492.468,0.55258,0.94117,0.5306,0.56413,1.04627,0.98306,0.99091,0.99059,0.94499,0.97382,0.98182,0.97756,0.81484,0.30403,0.79694,0.60426,0.35695,0.81543,0.00153167,0.00153167,0.00153167
43,504.547,0.49759,0.97078,0.54104,0.50937,1.00714,0.98195,0.99091,0.98948,0.9057,0.97271,0.98182,0.97666,0.80474,0.42009,0.88581,0.59482,0.43815,0.86316,0.00152837,0.00152837,0.00152837
44,514.229,0.45681,0.76439,0.53917,0.50205,0.99765,0.98206,0.99091,0.98885,0.91693,0.97283,0.98182,0.97825,0.83729,0.39304,0.8021,0.5961,0.43564,0.86136,0.00152507,0.00152507,0.00152507
45,522.136,0.51016,0.97662,0.52542,0.58053,1.01488,0.96517,0.99091,0.98701,0.92778,0.95598,0.98182,0.97403,0.82011,0.36644,0.88337,0.58766,0.44687,0.86089,0.00152177,0.00152177,0.00152177
46,535.215,0.46177,0.76227,0.51273,0.57024,1.01331,0.98251,0.99091,0.9892,0.94771,0.97327,0.98182,0.97595,0.81295,0.32791,0.8157,0.58349,0.36263,0.83518,0.00151847,0.00151847,0.00151847
47,550.93,0.51466,0.83005,0.51364,0.51539,1.02513,0.98181,0.99091,0.98864,0.94009,0.9726,0.98182,0.97494,0.83397,0.36002,0.79246,0.58467,0.39318,0.83659,0.00151517,0.00151517,0.00151517
48,560.608,0.46848,0.91547,0.53348,0.49038,1.0018,0.97682,0.98548,0.98789,0.94371,0.96746,0.97639,0.9805,0.83011,0.33837,0.80492,0.58927,0.39703,0.82445,0.00151187,0.00151187,0.00151187
49,573.951,0.4829,0.77402,0.54311,0.5303,1.00977,0.97027,0.99091,0.98849,0.93386,0.96105,0.98182,0.98028,0.85256,0.31487,0.77695,0.58409,0.46129,0.82378,0.00150857,0.00150857,0.00150857
50,599.888,0.4756,0.8683,0.52491,0.5211,0.99795,0.9774,0.99091,0.98953,0.93874,0.96819,0.98182,0.98174,0.85439,0.33276,0.71272,0.59041,0.47112,0.83531,0.00150527,0.00150527,0.00150527
51,615.46,0.51377,0.83534,0.5028,0.51425,1.0501,0.97181,0.99091,0.98861,0.91283,0.96262,0.98182,0.97933,0.8358,0.3729,0.7794,0.59689,0.49141,0.85203,0.00150197,0.00150197,0.00150197
52,623.906,0.45836,0.7441,0.51011,0.47948,0.98867,0.98073,0.99091,0.98929,0.95347,0.97151,0.98182,0.97857,0.82931,0.32139,0.71267,0.59596,0.36608,0.82711,0.00149867,0.00149867,0.00149867
53,636.888,0.42395,0.80031,0.5164,0.47121,0.96575,0.97995,0.99091,0.99003,0.95923,0.97074,0.98182,0.97948,0.83593,0.30174,0.73296,0.59712,0.36236,0.81373,0.00149537,0.00149537,0.00149537
54,651.49,0.42299,0.73494,0.53713,0.46797,0.96353,0.9809,0.99091,0.9906,0.95307,0.97169,0.98182,0.97829,0.85059,0.30549,0.70257,0.60546,0.39653,0.81015,0.00149207,0.00149207,0.00149207
55,664.578,0.49417,0.88843,0.50441,0.51035,1.01343,0.98244,0.99091,0.99065,0.92553,0.97316,0.98182,0.9781,0.84151,0.34937,0.70625,0.59959,0.38712,0.83348,0.00148876,0.00148876,0.00148876
56,675.775,0.4389,0.88112,0.51806,0.47127,0.9653,0.9832,0.99091,0.98973,0.93818,0.97395,0.98182,0.97671,0.83015,0.33144,0.70297,0.60206,0.34724,0.85003,0.00148546,0.00148546,0.00148546
57,684.436,0.47836,0.71825,0.5074,0.50857,1.01653,0.98071,0.99091,0.98933,0.95048,0.97151,0.98182,0.97803,0.81887,0.30293,0.79704,0.61212,0.37437,0.82634,0.00148216,0.00148216,0.00148216
58,696.996,0.46623,0.80517,0.50365,0.49686,0.98694,0.98077,0.99091,0.98795,0.93668,0.97158,0.98182,0.9749,0.87758,0.32463,0.59113,0.60483,0.38799,0.83111,0.00147886,0.00147886,0.00147886
59,710.682,0.4828,0.68715,0.48303,0.49586,1.00515,0.97523,0.99091,0.98678,0.91063,0.96601,0.98182,0.97434,0.85396,0.40796,0.66103,0.59875,0.44939,0.8613,0.00147556,0.00147556,0.00147556
60,723.72,0.47672,0.82065,0.51783,0.49158,1.00371,0.97683,0.99091,0.98624,0.944,0.96776,0.98182,0.97411,0.8698,0.32968,0.58175,0.59117,0.37008,0.83535,0.00147226,0.00147226,0.00147226
61,737.807,0.43178,0.68437,0.52482,0.43112,0.95757,0.96656,0.99091,0.98577,0.92956,0.95763,0.98182,0.97141,0.86582,0.3739,0.55908,0.58735,0.46285,0.85556,0.00146896,0.00146896,0.00146896
62,746.346,0.45295,0.78619,0.50413,0.48792,0.9728,0.98328,0.99091,0.9884,0.94581,0.97405,0.98182,0.97339,0.8244,0.31848,0.68802,0.5836,0.35297,0.82372,0.00146566,0.00146566,0.00146566
63,759.951,0.46809,0.72803,0.51766,0.49188,0.98469,0.98173,0.99091,0.98641,0.9447,0.97253,0.98182,0.97162,0.84231,0.30886,0.65181,0.5813,0.34117,0.81733,0.00146236,0.00146236,0.00146236
64,774.472,0.43146,0.73036,0.50648,0.44675,0.96582,0.98187,0.99091,0.98754,0.94143,0.98187,0.99091,0.98754,0.89586,0.30311,0.49461,0.58382,0.35913,0.82006,0.00145906,0.00145906,0.00145906
65,784.944,0.4185,0.61712,0.50054,0.43615,0.97174,0.98282,0.99091,0.98762,0.95246,0.98282,0.99091,0.98762,0.87159,0.31867,0.56668,0.58765,0.35807,0.82272,0.00145576,0.00145576,0.00145576
66,793.795,0.42363,0.71065,0.513,0.42946,0.95087,0.97683,0.99091,0.99111,0.94281,0.97683,0.99091,0.99111,0.84199,0.30772,0.63657,0.58681,0.37436,0.82051,0.00145246,0.00145246,0.00145246
67,807.555,0.45007,0.61085,0.51221,0.44019,0.98133,0.98056,0.99091,0.99171,0.96967,0.97132,0.98182,0.98307,0.86994,0.27534,0.58175,0.59157,0.34346,0.80576,0.00144916,0.00144916,0.00144916
68,821.851,0.42215,0.6787,0.48071,0.45621,0.97354,0.99002,0.98743,0.99271,0.97987,0.98081,0.97834,0.98321,0.90851,0.25313,0.46245,0.5915,0.31613,0.8017,0.00144586,0.00144586,0.00144586
69,835.511,0.39965,0.54931,0.49576,0.40801,0.9812,0.97787,0.99193,0.9925,0.96158,0.97787,0.99193,0.9925,0.90995,0.27391,0.45851,0.59741,0.31923,0.80565,0.00144256,0.00144256,0.00144256
70,845.034,0.42867,0.66493,0.50081,0.44011,0.98712,0.98627,0.99168,0.99303,0.96639,0.98627,0.99168,0.99303,0.91435,0.28359,0.44309,0.59378,0.33459,0.8125,0.00143925,0.00143925,0.00143925
71,858.72,0.40985,0.59694,0.49553,0.40895,0.96521,0.98735,0.99091,0.99142,0.95611,0.98735,0.99091,0.99142,0.88445,0.32342,0.53203,0.59538,0.36177,0.82822,0.00143595,0.00143595,0.00143595
72,872.489,0.43369,0.69819,0.52471,0.45601,0.97327,0.98461,0.99091,0.99187,0.97414,0.98461,0.99091,0.99187,0.91088,0.2746,0.46509,0.59709,0.31946,0.8082,0.00143265,0.00143265,0.00143265
73,882.594,0.41686,0.69726,0.51599,0.45887,0.97138,0.98021,0.99091,0.99022,0.96307,0.971,0.98182,0.98165,0.8786,0.29433,0.49927,0.5893,0.3375,0.82038,0.00142935,0.00142935,0.00142935
74,893.396,0.41075,0.57291,0.49402,0.45079,0.96526,0.97535,0.99091,0.9885,0.94196,0.97535,0.99091,0.9885,0.89178,0.31318,0.48386,0.58948,0.32903,0.81467,0.00142605,0.00142605,0.00142605
75,902.494,0.43134,0.61436,0.50147,0.43405,0.97071,0.97373,0.99091,0.98792,0.96728,0.97373,0.99091,0.98792,0.89649,0.25496,0.47541,0.5819,0.33122,0.80085,0.00142275,0.00142275,0.00142275
76,917.095,0.42213,0.64065,0.49081,0.43346,0.97504,0.97617,0.99091,0.99249,0.97111,0.96693,0.98182,0.98605,0.90526,0.27098,0.42914,0.58314,0.32354,0.81245,0.00141945,0.00141945,0.00141945
77,926.94,0.44425,0.72352,0.49695,0.41216,0.98678,0.98286,0.99091,0.99263,0.97756,0.98286,0.99091,0.99263,0.91799,0.2709,0.44374,0.58164,0.32498,0.81382,0.00141615,0.00141615,0.00141615
78,935.891,0.39908,0.68877,0.5056,0.4445,0.96844,0.98846,0.99091,0.99197,0.97045,0.98846,0.99091,0.99197,0.90553,0.31637,0.46554,0.58275,0.34815,0.83802,0.00141285,0.00141285,0.00141285
79,945.712,0.42129,0.66286,0.50904,0.41883,0.96415,0.98442,0.99091,0.99309,0.97324,0.97517,0.98182,0.98269,0.8841,0.28267,0.55831,0.59277,0.32481,0.82179,0.00140955,0.00140955,0.00140955
80,958.866,0.40354,0.553,0.47924,0.42162,0.98843,0.9835,0.99091,0.99198,0.97122,0.9835,0.99091,0.99198,0.91737,0.26054,0.43912,0.59618,0.30062,0.80819,0.00140625,0.00140625,0.00140625
81,968.925,0.37588,0.60068,0.5057,0.38363,0.93641,0.98217,0.99091,0.99054,0.94865,0.98217,0.99091,0.99054,0.90391,0.29863,0.50138,0.59319,0.32032,0.82308,0.00140295,0.00140295,0.00140295
82,982.788,0.43016,0.54058,0.47814,0.43315,0.97721,0.9791,0.99941,0.99341,0.98638,0.9791,0.99941,0.99341,0.91148,0.24637,0.47702,0.58775,0.2841,0.79882,0.00139965,0.00139965,0.00139965
83,995.548,0.42483,0.60377,0.47693,0.41282,0.95866,0.98994,0.9917,0.9928,0.96673,0.98994,0.9917,0.9928,0.89605,0.28707,0.47165,0.58591,0.32987,0.8205,0.00139635,0.00139635,0.00139635
84,1009.77,0.41316,0.59242,0.49191,0.42215,0.96784,0.98895,0.99091,0.99294,0.97054,0.98895,0.99091,0.99294,0.88066,0.28729,0.53827,0.58725,0.30539,0.81979,0.00139305,0.00139305,0.00139305
85,1022.46,0.42461,0.73091,0.48703,0.41641,0.95613,0.97965,0.99091,0.98978,0.9801,0.97965,0.99091,0.98978,0.91175,0.23994,0.42616,0.59001,0.37375,0.79731,0.00138974,0.00138974,0.00138974
86,1035.1,0.39391,0.5669,0.48675,0.43469,0.93741,0.95947,0.98205,0.98949,0.97084,0.95947,0.98205,0.98949,0.90607,0.24971,0.45068,0.58948,0.55808,0.80127,0.00138644,0.00138644,0.00138644
87,1048.75,0.37523,0.63513,0.5025,0.37381,0.93868,0.9836,0.99091,0.98982,0.98117,0.9836,0.99091,0.98982,0.9084,0.25056,0.4354,0.58828,0.30329,0.7962,0.00138314,0.00138314,0.00138314
88,1062.79,0.40534,0.62585,0.47275,0.37598,0.96678,0.97832,0.99091,0.99179,0.98131,0.97832,0.99091,0.99179,0.92704,0.25121,0.38576,0.58379,0.29293,0.79939,0.00137984,0.00137984,0.00137984
89,1077.85,0.3765,0.44205,0.46469,0.3846,0.93846,0.98098,0.99091,0.989,0.96207,0.98098,0.99091,0.989,0.92581,0.28846,0.40982,0.58902,0.29345,0.81231,0.00137654,0.00137654,0.00137654
90,1087.08,0.38524,0.67723,0.47203,0.36379,0.94887,0.98217,0.99885,0.98955,0.96211,0.98217,0.99885,0.98955,0.90008,0.29487,0.52381,0.59516,0.28549,0.8078,0.00137324,0.00137324,0.00137324
91,1098.85,0.41238,0.54227,0.48637,0.39757,0.94936,0.98332,0.99957,0.98832,0.97798,0.98332,0.99957,0.98832,0.91868,0.23701,0.42346,0.59311,0.27996,0.79113,0.00136994,0.00136994,0.00136994
92,1107.9,0.36693,0.58841,0.48513,0.39516,0.94307,0.98329,0.99091,0.98931,0.97033,0.98329,0.99091,0.98931,0.86958,0.25462,0.5306,0.59115,0.28162,0.79451,0.00136664,0.00136664,0.00136664
93,1117.05,0.37078,0.51312,0.46856,0.37691,0.94018,0.9831,0.99091,0.98775,0.97679,0.9831,0.99091,0.98775,0.91802,0.24015,0.40756,0.58638,0.27292,0.78907,0.00136334,0.00136334,0.00136334
94,1129.76,0.40673,0.57266,0.47849,0.39605,0.94948,0.98182,0.99091,0.98695,0.97922,0.98182,0.99091,0.98695,0.90756,0.22193,0.41411,0.58681,0.28264,0.78585,0.00136004,0.00136004,0.00136004
95,1140.71,0.34612,0.73814,0.49261,0.37611,0.92818,0.98344,0.99091,0.98799,0.97297,0.98344,0.99091,0.98799,0.92646,0.26033,0.43595,0.58699,0.26588,0.79845,0.00135674,0.00135674,0.00135674
96,1150.83,0.37511,0.52087,0.46248,0.36813,0.94673,0.98969,0.99091,0.98989,0.98123,0.98969,0.99091,0.98989,0.92008,0.24442,0.41827,0.58186,0.27878,0.79682,0.00135344,0.00135344,0.00135344
97,1161.21,0.37241,0.67376,0.48598,0.3798,0.94692,0.98907,0.99901,0.99121,0.98015,0.98907,0.99901,0.99121,0.91104,0.26216,0.46001,0.58766,0.27455,0.8008,0.00135014,0.00135014,0.00135014
98,1177.39,0.38811,0.56355,0.47646,0.39107,0.94036,0.9911,0.99884,0.99167,0.98566,0.9911,0.99884,0.99167,0.91961,0.24725,0.41615,0.58176,0.28589,0.79792,0.00134684,0.00134684,0.00134684
99,1191.51,0.39295,0.57804,0.4693,0.39915,0.96537,0.9814,0.99304,0.98837,0.97235,0.9814,0.99304,0.98837,0.90332,0.27085,0.48625,0.57927,0.27785,0.80401,0.00134354,0.00134354,0.00134354
100,1200.96,0.3462,0.58,0.47014,0.37175,0.92469,0.97779,0.99091,0.98785,0.97359,0.97779,0.99091,0.98785,0.91259,0.24453,0.44253,0.58425,0.31427,0.79914,0.00134023,0.00134023,0.00134023
101,1209.61,0.34903,0.60186,0.47839,0.35263,0.92541,0.9831,0.99091,0.99096,0.9831,0.97386,0.98182,0.98481,0.91331,0.23474,0.43643,0.5773,0.30266,0.79158,0.00133693,0.00133693,0.00133693
102,1218.88,0.36394,0.67013,0.46906,0.358,0.96148,0.98447,0.99091,0.99103,0.97915,0.97523,0.98182,0.98354,0.90398,0.22402,0.48296,0.57658,0.26485,0.78512,0.00133363,0.00133363,0.00133363
103,1226.77,0.36261,0.57455,0.46617,0.36055,0.93974,0.98831,0.99183,0.98992,0.98384,0.97906,0.98274,0.9817,0.89946,0.23678,0.5478,0.57784,0.26792,0.79135,0.00133033,0.00133033,0.00133033
104,1241.37,0.3736,0.63808,0.48308,0.36308,0.94528,0.98969,0.99302,0.98932,0.98273,0.98969,0.99302,0.98932,0.91492,0.23446,0.45636,0.57496,0.27426,0.79193,0.00132703,0.00132703,0.00132703
105,1254.6,0.36799,0.60731,0.47006,0.37187,0.96082,0.99099,0.99415,0.98932,0.98254,0.99099,0.99415,0.98932,0.91964,0.23159,0.41635,0.57672,0.25683,0.79608,0.00132373,0.00132373,0.00132373
106,1263.88,0.35914,0.52796,0.48172,0.3726,0.93069,0.99026,0.99327,0.99,0.978,0.99026,0.99327,0.99,0.93471,0.24996,0.42961,0.57194,0.2695,0.80382,0.00132043,0.00132043,0.00132043
107,1279.01,0.38463,0.4759,0.45625,0.39511,0.95836,0.98821,0.99384,0.99189,0.97709,0.98821,0.99384,0.99189,0.92389,0.24595,0.41818,0.56926,0.26912,0.80555,0.00131713,0.00131713,0.00131713
108,1287.15,0.35861,0.5754,0.46802,0.3604,0.94403,0.98889,0.99934,0.99258,0.97629,0.98889,0.99934,0.99258,0.92437,0.24687,0.45212,0.57364,0.25588,0.7986,0.00131383,0.00131383,0.00131383
109,1299.45,0.37316,0.56637,0.46417,0.38548,0.94049,0.98546,0.99156,0.99212,0.98303,0.98546,0.99156,0.99212,0.92624,0.21595,0.40891,0.57377,0.25113,0.78923,0.00131053,0.00131053,0.00131053
110,1312.28,0.35127,0.50496,0.48541,0.34862,0.92958,0.98905,0.99885,0.9925,0.97727,0.98905,0.99885,0.9925,0.92052,0.2402,0.4323,0.57595,0.26188,0.79777,0.00130723,0.00130723,0.00130723
111,1321.7,0.34005,0.45025,0.48023,0.33038,0.92231,0.99034,1,0.99303,0.98714,0.99034,1,0.99303,0.93159,0.2201,0.38022,0.57456,0.24332,0.79104,0.00130393,0.00130393,0.00130393
112,1331.28,0.37267,0.53727,0.45923,0.36177,0.9528,0.99075,1,0.99106,0.97558,0.99075,1,0.99106,0.93454,0.22418,0.36821,0.56965,0.24962,0.79029,0.00130063,0.00130063,0.00130063
113,1344.27,0.37608,0.51475,0.46313,0.35854,0.92296,0.97848,1,0.99006,0.9723,0.97848,1,0.99006,0.94033,0.26288,0.4043,0.56774,0.26739,0.80085,0.00129733,0.00129733,0.00129733
114,1357.13,0.39606,0.63755,0.4719,0.3782,0.95792,0.99086,1,0.99038,0.97617,0.99086,1,0.99038,0.93438,0.246,0.37815,0.57266,0.25084,0.79945,0.00129403,0.00129403,0.00129403
115,1370.34,0.33089,0.50558,0.49123,0.33412,0.90703,0.9903,1,0.98992,0.97487,0.9903,1,0.98992,0.92951,0.23678,0.39267,0.57551,0.23866,0.79489,0.00129072,0.00129072,0.00129072
116,1383.84,0.34093,0.53354,0.49457,0.34115,0.91757,0.98616,0.99873,0.99061,0.98617,0.98616,0.99873,0.99061,0.93151,0.23727,0.3912,0.57617,0.24178,0.79126,0.00128742,0.00128742,0.00128742
117,1394.48,0.36527,0.4991,0.47277,0.35421,0.92008,0.98502,0.99266,0.98977,0.98461,0.98502,0.99266,0.98977,0.93342,0.22012,0.40152,0.57172,0.24282,0.78673,0.00128412,0.00128412,0.00128412
118,1408.35,0.35607,0.50529,0.47037,0.33539,0.9309,0.98459,0.99217,0.98886,0.97619,0.98459,0.99217,0.98886,0.93407,0.25684,0.37397,0.56417,0.27265,0.80151,0.00128082,0.00128082,0.00128082
119,1422.19,0.36396,0.52843,0.45647,0.34589,0.9424,0.98223,0.99091,0.99049,0.98349,0.98223,0.99091,0.99049,0.933,0.25022,0.38217,0.56313,0.2678,0.79966,0.00127752,0.00127752,0.00127752
120,1431.4,0.36207,0.45898,0.47584,0.35034,0.9516,0.98294,0.99934,0.99121,0.98285,0.98294,0.99934,0.99121,0.9306,0.23164,0.39307,0.56778,0.26388,0.79143,0.00127422,0.00127422,0.00127422
121,1442.86,0.34153,0.44374,0.47214,0.3718,0.92874,0.98999,0.9935,0.99129,0.98262,0.98999,0.9935,0.99129,0.92809,0.25139,0.36195,0.56851,0.25569,0.79462,0.00127092,0.00127092,0.00127092
122,1451.83,0.37361,0.52823,0.46288,0.35992,0.97113,0.9906,0.99355,0.99061,0.97677,0.98139,0.98446,0.98268,0.91542,0.25183,0.39276,0.57128,0.25195,0.79619,0.00126762,0.00126762,0.00126762
123,1464.01,0.30259,0.54007,0.477,0.32244,0.89561,0.98128,0.99184,0.99121,0.98592,0.97203,0.98275,0.98144,0.91453,0.21879,0.3699,0.57449,0.26366,0.7894,0.00126432,0.00126432,0.00126432
124,1472.43,0.30099,0.4064,0.47841,0.32845,0.9073,0.98186,0.99163,0.99023,0.98976,0.98186,0.99163,0.99023,0.91654,0.19822,0.38755,0.57907,0.26738,0.78439,0.00126102,0.00126102,0.00126102
125,1484.95,0.32121,0.51198,0.46246,0.35254,0.93453,0.98866,1,0.98871,0.98438,0.97952,0.99091,0.98298,0.92163,0.21665,0.37524,0.57631,0.25814,0.78418,0.00125772,0.00125772,0.00125772
126,1494.82,0.3317,0.48112,0.46974,0.36902,0.92286,0.99038,1,0.9897,0.98925,0.99038,1,0.9897,0.92833,0.19383,0.34588,0.57085,0.23618,0.78234,0.00125442,0.00125442,0.00125442
127,1510.72,0.30982,0.47912,0.44687,0.32968,0.90468,0.99087,1,0.99076,0.98876,0.99087,1,0.99076,0.93329,0.19303,0.37446,0.56419,0.23048,0.78539,0.00125112,0.00125112,0.00125112
128,1531.49,0.30942,0.50798,0.46849,0.31673,0.90555,0.99063,1,0.99174,0.99091,0.99063,1,0.99174,0.92987,0.1832,0.37684,0.56376,0.23017,0.78088,0.00124782,0.00124782,0.00124782
129,1539.65,0.32299,0.41972,0.45246,0.33457,0.92394,0.98958,1,0.99227,0.98648,0.98958,1,0.99227,0.92874,0.20252,0.35154,0.56476,0.23754,0.78559,0.00124452,0.00124452,0.00124452
130,1551.98,0.28856,0.39788,0.45161,0.31596,0.90989,0.98448,1,0.99129,0.98751,0.98448,1,0.99129,0.91951,0.19357,0.40453,0.56138,0.22916,0.7818,0.00124121,0.00124121,0.00124121
131,1559.97,0.33274,0.49079,0.45652,0.35089,0.94313,0.99095,0.99176,0.99144,0.97841,0.99095,0.99176,0.99144,0.94108,0.22175,0.39572,0.56118,0.24839,0.80189,0.00123791,0.00123791,0.00123791
132,1575.01,0.34799,0.54098,0.44751,0.35628,0.93122,0.98959,0.99248,0.99129,0.97357,0.98959,0.99248,0.99129,0.94068,0.22386,0.37413,0.56456,0.2588,0.797,0.00123461,0.00123461,0.00123461
133,1582.92,0.31576,0.42732,0.45858,0.32586,0.90523,0.98461,0.99159,0.99152,0.97797,0.98461,0.99159,0.99152,0.93115,0.22356,0.37153,0.56639,0.25573,0.80151,0.00123131,0.00123131,0.00123131
134,1595.97,0.33615,0.44283,0.44305,0.33677,0.91796,0.98792,0.99393,0.99045,0.97265,0.98792,0.99393,0.99045,0.91987,0.22881,0.39652,0.56535,0.25974,0.80549,0.00122801,0.00122801,0.00122801
135,1606.06,0.32167,0.42832,0.48214,0.31897,0.90002,0.98734,0.99735,0.99197,0.98043,0.98734,0.99735,0.99197,0.93023,0.22369,0.3524,0.55627,0.24153,0.79152,0.00122471,0.00122471,0.00122471
136,1619.86,0.33878,0.42876,0.46556,0.3367,0.93539,0.98871,1,0.99273,0.98632,0.98871,1,0.99273,0.93061,0.22463,0.34494,0.55897,0.22591,0.78636,0.00122141,0.00122141,0.00122141
137,1629.35,0.30887,0.40941,0.46682,0.33775,0.91492,0.99033,1,0.99364,0.99152,0.99033,1,0.99364,0.93241,0.19155,0.33072,0.56072,0.23534,0.77849,0.00121811,0.00121811,0.00121811
138,1650.5,0.34118,0.63809,0.45973,0.34969,0.92264,0.98808,0.99796,0.99303,0.99142,0.98808,0.99796,0.99303,0.93734,0.19583,0.35343,0.56458,0.22576,0.77744,0.00121481,0.00121481,0.00121481
139,1658.95,0.33792,0.55993,0.45528,0.35341,0.93211,0.98853,0.99813,0.99235,0.991,0.98853,0.99813,0.99235,0.93439,0.19,0.34787,0.56235,0.2193,0.77742,0.00121151,0.00121151,0.00121151
140,1671.53,0.33308,0.43039,0.46591,0.34294,0.93269,0.98066,1,0.9912,0.98917,0.98066,1,0.9912,0.94648,0.18583,0.35764,0.55797,0.23004,0.77616,0.00120821,0.00120821,0.00120821
141,1680.66,0.35118,0.53917,0.44402,0.35794,0.93494,0.99038,0.99301,0.99015,0.98593,0.99038,0.99301,0.99015,0.94646,0.20011,0.36373,0.5571,0.22419,0.78025,0.00120491,0.00120491,0.00120491
142,1690.04,0.32535,0.61615,0.45123,0.35831,0.93079,0.9792,0.99932,0.98954,0.98914,0.9792,0.99932,0.98954,0.93161,0.19697,0.38075,0.55517,0.22821,0.77992,0.00120161,0.00120161,0.00120161
143,1700.68,0.32921,0.43501,0.45386,0.33651,0.91317,0.98405,0.99152,0.98932,0.98626,0.98405,0.99152,0.98932,0.94331,0.20115,0.33876,0.55367,0.23345,0.78096,0.00119831,0.00119831,0.00119831
144,1712.95,0.30385,0.30107,0.4424,0.31606,0.90678,0.97906,0.99944,0.98986,0.98514,0.97906,0.99944,0.98986,0.93594,0.21204,0.33068,0.553,0.23206,0.78346,0.00119501,0.00119501,0.00119501
145,1724.41,0.34063,0.52013,0.42553,0.35131,0.94413,0.98002,0.99945,0.99023,0.98324,0.98002,0.99945,0.99023,0.93842,0.23411,0.35191,0.55872,0.24015,0.78738,0.0011917,0.0011917,0.0011917
146,1733.16,0.32035,0.45651,0.43938,0.3356,0.89306,0.98247,0.99958,0.99,0.98917,0.98247,0.99958,0.99,0.94603,0.20781,0.33324,0.55387,0.23069,0.78082,0.0011884,0.0011884,0.0011884
147,1746.9,0.3075,0.33464,0.44697,0.35189,0.8968,0.98803,0.99897,0.98955,0.98895,0.98803,0.99897,0.98955,0.94718,0.18249,0.3786,0.55206,0.22121,0.77489,0.0011851,0.0011851,0.0011851
148,1759.23,0.31,0.43403,0.43861,0.34232,0.90989,0.99132,1,0.98955,0.9834,0.99132,1,0.98955,0.94808,0.20855,0.35706,0.54938,0.2432,0.77913,0.0011818,0.0011818,0.0011818
149,1769.28,0.32342,0.43936,0.44331,0.32503,0.91937,0.99,1,0.98924,0.98651,0.99,1,0.98924,0.94604,0.19626,0.3415,0.54404,0.24416,0.77818,0.0011785,0.0011785,0.0011785
150,1781.01,0.32971,0.45367,0.43051,0.33184,0.91795,0.99068,1,0.98894,0.98579,0.99068,1,0.98894,0.94006,0.2151,0.3495,0.54082,0.2364,0.78197,0.0011752,0.0011752,0.0011752
151,1789.06,0.3235,0.46595,0.45279,0.3305,0.91076,0.99002,1,0.98992,0.9895,0.99002,1,0.98992,0.94194,0.18566,0.39707,0.5417,0.21524,0.77695,0.0011719,0.0011719,0.0011719
152,1804.02,0.28235,0.33007,0.43662,0.2918,0.90422,0.98937,0.99967,0.99197,0.99197,0.98937,0.99967,0.99197,0.93737,0.17756,0.35266,0.53911,0.21274,0.77399,0.0011686,0.0011686,0.0011686
153,1811.81,0.30297,0.42229,0.45184,0.32686,0.93175,0.99049,1,0.9925,0.99205,0.99049,1,0.9925,0.93571,0.18861,0.37182,0.54047,0.21898,0.77699,0.0011653,0.0011653,0.0011653
154,1825.03,0.28925,0.4998,0.45595,0.29545,0.90612,0.98875,0.99747,0.99098,0.99098,0.98875,0.99747,0.99098,0.94148,0.17064,0.34839,0.5449,0.20964,0.7753,0.001162,0.001162,0.001162
155,1836.12,0.30187,0.38899,0.42234,0.31033,0.91226,0.98872,0.99913,0.99076,0.99076,0.98872,0.99913,0.99076,0.93512,0.18749,0.35509,0.55114,0.21658,0.7781,0.0011587,0.0011587,0.0011587
156,1845.08,0.29883,0.30825,0.4335,0.32067,0.90601,0.98987,0.99992,0.99098,0.99098,0.98987,0.99992,0.99098,0.93409,0.1774,0.36169,0.54967,0.21165,0.77656,0.0011554,0.0011554,0.0011554
157,1857.37,0.29449,0.43901,0.45784,0.31863,0.90631,0.99142,1,0.99152,0.98876,0.99142,1,0.99152,0.94261,0.17212,0.33781,0.54905,0.2093,0.77364,0.0011521,0.0011521,0.0011521
158,1865.21,0.29702,0.48329,0.44284,0.32253,0.90934,0.99135,1,0.99348,0.99191,0.99135,1,0.99348,0.93789,0.17544,0.3386,0.55318,0.21112,0.77368,0.0011488,0.0011488,0.0011488
159,1880.17,0.29954,0.51013,0.44403,0.31055,0.91914,0.99064,1,0.99083,0.98936,0.99064,1,0.99083,0.9353,0.1863,0.33782,0.55303,0.22426,0.77644,0.0011455,0.0011455,0.0011455
160,1895.25,0.30775,0.5414,0.45175,0.30682,0.91415,0.99032,1,0.99076,0.98931,0.99032,1,0.99076,0.93234,0.19886,0.35851,0.55217,0.23782,0.78,0.0011422,0.0011422,0.0011422
161,1904.24,0.30108,0.40729,0.43922,0.30454,0.9073,0.99056,1,0.99273,0.99054,0.99056,1,0.99273,0.93607,0.20257,0.34057,0.5469,0.23971,0.78153,0.00113889,0.00113889,0.00113889
162,1916.34,0.30763,0.40004,0.43925,0.31898,0.91898,0.99047,1,0.99174,0.98819,0.99047,1,0.99174,0.93604,0.19125,0.33704,0.54738,0.22959,0.77884,0.00113559,0.00113559,0.00113559
163,1924.78,0.31485,0.55948,0.41693,0.31171,0.90329,0.99076,0.99873,0.99038,0.98847,0.99076,0.99873,0.99038,0.93223,0.19911,0.35417,0.55304,0.23183,0.78279,0.00113229,0.00113229,0.00113229
164,1937.16,0.29857,0.44278,0.41591,0.3234,0.92146,0.9807,0.99831,0.99052,0.98727,0.9807,0.99831,0.99052,0.93012,0.21659,0.3675,0.55059,0.24197,0.7893,0.00112899,0.00112899,0.00112899
165,1945.96,0.27635,0.49387,0.43821,0.29084,0.89704,0.98742,0.99941,0.99144,0.99024,0.98742,0.99941,0.99144,0.9369,0.19929,0.35544,0.54201,0.22172,0.7815,0.00112569,0.00112569,0.00112569
166,1959.14,0.29001,0.46656,0.44389,0.28352,0.89343,0.98396,1,0.99424,0.99358,0.98396,1,0.99424,0.94415,0.2034,0.34904,0.54301,0.23132,0.78168,0.00112239,0.00112239,0.00112239
167,1970.41,0.27562,0.49426,0.44384,0.3038,0.89619,0.98434,1,0.99258,0.99078,0.98434,1,0.99258,0.94321,0.18524,0.3676,0.53908,0.22443,0.77692,0.00111909,0.00111909,0.00111909
168,1983.27,0.29797,0.34844,0.43188,0.2825,0.90415,0.98267,0.99978,0.99106,0.99106,0.98267,0.99978,0.99106,0.94137,0.18576,0.34679,0.5355,0.22171,0.77656,0.00111579,0.00111579,0.00111579
169,1995.85,0.27582,0.44533,0.42525,0.30724,0.88876,0.98196,0.99959,0.99023,0.98957,0.98196,0.99959,0.99023,0.93898,0.20993,0.339,0.5365,0.22989,0.78163,0.00111249,0.00111249,0.00111249
170,2003.51,0.29341,0.41588,0.42436,0.28508,0.89974,0.98283,0.99994,0.98992,0.98466,0.98283,0.99994,0.98992,0.94012,0.20872,0.35612,0.5406,0.22794,0.78451,0.00110919,0.00110919,0.00110919
171,2016.3,0.28279,0.33704,0.43563,0.29771,0.89835,0.98364,1,0.98977,0.98793,0.98364,1,0.98977,0.94159,0.19748,0.36146,0.54172,0.22162,0.78512,0.00110589,0.00110589,0.00110589
172,2029.1,0.28887,0.35616,0.43339,0.29317,0.89983,0.99149,1,0.99174,0.98441,0.99149,1,0.99174,0.94404,0.21972,0.36946,0.53714,0.23816,0.7925,0.00110259,0.00110259,0.00110259
173,2043.46,0.2921,0.39992,0.41943,0.29725,0.91041,0.99231,0.99844,0.99341,0.99159,0.99231,0.99844,0.99341,0.9445,0.18701,0.3317,0.53204,0.2105,0.77839,0.00109929,0.00109929,0.00109929
174,2053.04,0.30088,0.40972,0.42328,0.2974,0.90488,0.99106,1,0.99379,0.99379,0.99106,1,0.99379,0.94493,0.1664,0.33215,0.53096,0.19623,0.77205,0.00109599,0.00109599,0.00109599
175,2063.24,0.27502,0.37788,0.43134,0.3021,0.90303,0.99127,1,0.99318,0.99318,0.99127,1,0.99318,0.9444,0.17771,0.32151,0.53528,0.20091,0.77524,0.00109269,0.00109269,0.00109269
176,2076.14,0.26795,0.37221,0.43332,0.30937,0.88929,0.99126,1,0.9925,0.9925,0.99126,1,0.9925,0.9429,0.18753,0.33326,0.5363,0.20858,0.7777,0.00108938,0.00108938,0.00108938
177,2084.96,0.30199,0.38069,0.4154,0.31263,0.91185,0.99118,1,0.99295,0.99295,0.99118,1,0.99295,0.95006,0.16278,0.33581,0.53125,0.1989,0.7749,0.00108608,0.00108608,0.00108608
178,2100.03,0.29374,0.46386,0.40161,0.31861,0.90729,0.9911,1,0.99402,0.99316,0.9911,1,0.99402,0.9376,0.17162,0.3541,0.5315,0.20266,0.7744,0.00108278,0.00108278,0.00108278
179,2112.41,0.27482,0.4941,0.4339,0.29942,0.88354,0.9911,1,0.99424,0.99424,0.9911,1,0.99424,0.93605,0.17516,0.35142,0.5326,0.20551,0.77431,0.00107948,0.00107948,0.00107948
180,2122.62,0.28127,0.35828,0.39997,0.31215,0.90037,0.99036,1,0.99402,0.99332,0.99036,1,0.99402,0.93356,0.20275,0.34303,0.53312,0.21902,0.78212,0.00107618,0.00107618,0.00107618
181,2133.83,0.29072,0.43124,0.42324,0.31457,0.92265,0.99075,1,0.99424,0.99424,0.99075,1,0.99424,0.93401,0.16831,0.35289,0.53107,0.20318,0.77413,0.00107288,0.00107288,0.00107288
182,2146.45,0.27852,0.44359,0.41476,0.31328,0.91633,0.99098,1,0.99432,0.99389,0.99098,1,0.99432,0.93615,0.16971,0.35549,0.52371,0.20182,0.77314,0.00106958,0.00106958,0.00106958
183,2158.81,0.28742,0.44537,0.4293,0.2881,0.88722,0.99138,1,0.99477,0.99437,0.99138,1,0.99477,0.9435,0.18572,0.34565,0.51402,0.20571,0.77489,0.00106628,0.00106628,0.00106628
184,2172.92,0.27786,0.39698,0.42399,0.28191,0.89946,0.99067,1,0.99477,0.99477,0.99067,1,0.99477,0.94801,0.16002,0.33714,0.51251,0.19518,0.77072,0.00106298,0.00106298,0.00106298
185,2188.3,0.28872,0.46656,0.39743,0.3064,0.91023,0.98997,1,0.99477,0.99477,0.98997,1,0.99477,0.94501,0.16646,0.34198,0.50939,0.19433,0.77207,0.00105968,0.00105968,0.00105968
186,2197.54,0.26372,0.49442,0.41698,0.28026,0.90445,0.98866,1,0.9947,0.9947,0.98866,1,0.9947,0.94547,0.17799,0.3291,0.50915,0.20453,0.77443,0.00105638,0.00105638,0.00105638
187,2208.83,0.28327,0.42553,0.43462,0.28798,0.91942,0.98974,1,0.99455,0.99455,0.98974,1,0.99455,0.93874,0.16394,0.36157,0.50889,0.20339,0.77308,0.00105308,0.00105308,0.00105308
188,2221.91,0.27132,0.40687,0.42644,0.29557,0.90677,0.98879,1,0.9947,0.9947,0.98879,1,0.9947,0.93727,0.16835,0.33858,0.51289,0.19952,0.7762,0.00104978,0.00104978,0.00104978
189,2232.33,0.27897,0.42599,0.42898,0.28208,0.89631,0.97692,1,0.9947,0.9947,0.97692,1,0.9947,0.93787,0.17251,0.33078,0.51787,0.21028,0.77872,0.00104648,0.00104648,0.00104648
190,2241.09,0.27992,0.47981,0.4392,0.30086,0.90251,0.97984,0.99976,0.9947,0.9947,0.97984,0.99976,0.9947,0.9403,0.17606,0.33985,0.51254,0.2075,0.77911,0.00104318,0.00104318,0.00104318
191,2252.07,0.28567,0.33996,0.41045,0.28924,0.8843,0.99044,1,0.9947,0.9947,0.99044,1,0.9947,0.93779,0.16344,0.33208,0.51158,0.20456,0.77582,0.00103987,0.00103987,0.00103987
192,2265.28,0.2802,0.48844,0.43272,0.29159,0.89367,0.99127,1,0.99341,0.99341,0.99127,1,0.99341,0.93699,0.17005,0.31857,0.51242,0.20437,0.777,0.00103657,0.00103657,0.00103657
193,2276.4,0.27393,0.30326,0.3903,0.28779,0.89413,0.99106,1,0.99227,0.99129,0.99106,1,0.99227,0.93819,0.1738,0.3222,0.51295,0.20298,0.77732,0.00103327,0.00103327,0.00103327
194,2289.43,0.28216,0.45525,0.41461,0.28723,0.89714,0.99121,1,0.99121,0.99121,0.99121,1,0.99121,0.94047,0.16734,0.34624,0.51013,0.20836,0.77845,0.00102997,0.00102997,0.00102997
195,2299.74,0.29237,0.38732,0.42878,0.30946,0.91106,0.98992,0.99918,0.99121,0.99121,0.98992,0.99918,0.99121,0.94638,0.15962,0.33044,0.51316,0.20559,0.77895,0.00102667,0.00102667,0.00102667
196,2313.74,0.27195,0.35295,0.42024,0.2919,0.88203,0.99052,1,0.99341,0.99273,0.99052,1,0.99341,0.94993,0.16418,0.30768,0.51222,0.206,0.78028,0.00102337,0.00102337,0.00102337
197,2322.35,0.27839,0.42487,0.40732,0.27066,0.88463,0.99101,1,0.9925,0.9925,0.99101,1,0.9925,0.94656,0.17667,0.35635,0.51049,0.2106,0.78015,0.00102007,0.00102007,0.00102007
198,2336.93,0.28424,0.31414,0.42678,0.28389,0.90561,0.99128,1,0.99379,0.99293,0.99128,1,0.99379,0.94732,0.16158,0.36657,0.50437,0.1919,0.7759,0.00101677,0.00101677,0.00101677
199,2345.33,0.27926,0.41763,0.40431,0.27177,0.90178,0.99135,1,0.99424,0.99424,0.99135,1,0.99424,0.94938,0.15523,0.33598,0.5036,0.19283,0.77371,0.00101347,0.00101347,0.00101347
200,2358.23,0.25792,0.41968,0.40368,0.27889,0.88749,0.9915,1,0.99432,0.99432,0.9915,1,0.99432,0.94973,0.17296,0.33185,0.50446,0.20016,0.77486,0.00101017,0.00101017,0.00101017
201,2373.14,0.28085,0.47563,0.4358,0.31186,0.90814,0.99144,1,0.9947,0.9947,0.99144,1,0.9947,0.94369,0.169,0.34547,0.50781,0.19088,0.7745,0.00100687,0.00100687,0.00100687
202,2381.02,0.26133,0.30287,0.39847,0.27933,0.89808,0.99106,1,0.99477,0.99477,0.99106,1,0.99477,0.93874,0.17547,0.33203,0.51241,0.19485,0.77474,0.00100357,0.00100357,0.00100357
203,2395.94,0.26442,0.36352,0.40477,0.25625,0.8798,0.99063,1,0.99455,0.99391,0.99063,1,0.99455,0.93997,0.18485,0.31979,0.51804,0.19987,0.77675,0.00100027,0.00100027,0.00100027
204,2409.75,0.26687,0.4014,0.44861,0.28698,0.8777,0.99019,1,0.99432,0.99432,0.99019,1,0.99432,0.94221,0.18993,0.32552,0.51521,0.20913,0.78063,0.000996966,0.000996966,0.000996966
205,2422.58,0.27175,0.42334,0.39779,0.29165,0.88636,0.99123,1,0.99402,0.99402,0.99123,1,0.99402,0.9448,0.16891,0.32551,0.5114,0.20001,0.77313,0.000993665,0.000993665,0.000993665
206,2435.26,0.26995,0.44289,0.41761,0.30063,0.89841,0.99135,1,0.99386,0.99332,0.99135,1,0.99386,0.94808,0.17153,0.33648,0.51365,0.20308,0.77152,0.000990365,0.000990365,0.000990365
207,2447.03,0.27176,0.43933,0.4329,0.29056,0.89843,0.99068,1,0.99364,0.99364,0.99068,1,0.99364,0.94538,0.1589,0.33679,0.5056,0.1995,0.77035,0.000987064,0.000987064,0.000987064
208,2455.61,0.27787,0.38904,0.39879,0.28179,0.91902,0.99104,1,0.99348,0.99212,0.99104,1,0.99348,0.94486,0.17992,0.34543,0.50788,0.20199,0.7734,0.000983763,0.000983763,0.000983763
209,2467.44,0.29231,0.38772,0.39153,0.28843,0.9066,0.99132,1,0.99386,0.99349,0.99132,1,0.99386,0.95042,0.16806,0.34126,0.50828,0.20152,0.77139,0.000980463,0.000980463,0.000980463
210,2475.79,0.28388,0.42148,0.41909,0.2885,0.89676,0.99104,1,0.99455,0.9901,0.99104,1,0.99455,0.95207,0.20017,0.32772,0.50342,0.21268,0.77868,0.000977162,0.000977162,0.000977162
211,2488.14,0.28584,0.37563,0.40673,0.30072,0.90467,0.99147,1,0.99364,0.99309,0.99147,1,0.99364,0.95177,0.18591,0.33679,0.50435,0.19987,0.77405,0.000973861,0.000973861,0.000973861
212,2501.33,0.27325,0.40478,0.43094,0.27161,0.89418,0.99146,1,0.99227,0.99227,0.99146,1,0.99227,0.95061,0.18799,0.34656,0.50935,0.20353,0.77335,0.000970561,0.000970561,0.000970561
213,2515.93,0.26458,0.38612,0.39895,0.30767,0.88516,0.99136,1,0.99318,0.99318,0.99136,1,0.99318,0.94536,0.17473,0.34732,0.51252,0.19187,0.77105,0.00096726,0.00096726,0.00096726
214,2524.29,0.25399,0.4392,0.4181,0.26125,0.88949,0.98955,1,0.99447,0.99447,0.98955,1,0.99447,0.94302,0.17904,0.35298,0.51207,0.19532,0.77195,0.000963959,0.000963959,0.000963959
215,2537.48,0.28038,0.42216,0.39477,0.29,0.8904,0.99069,1,0.99492,0.99492,0.99069,1,0.99492,0.93645,0.15538,0.37237,0.51258,0.19319,0.76753,0.000960659,0.000960659,0.000960659
216,2551.47,0.24441,0.39763,0.39871,0.26099,0.87576,0.99125,1,0.995,0.995,0.99125,1,0.995,0.92189,0.15691,0.40121,0.51278,0.19423,0.76818,0.000957358,0.000957358,0.000957358
217,2561.1,0.25085,0.27777,0.40496,0.25166,0.86129,0.99129,1,0.995,0.995,0.99129,1,0.995,0.94062,0.16057,0.33532,0.50638,0.19605,0.76807,0.000954057,0.000954057,0.000954057
218,2574.62,0.26416,0.45808,0.40499,0.26168,0.88712,0.99136,1,0.995,0.995,0.99136,1,0.995,0.94117,0.1685,0.34754,0.49827,0.1936,0.76945,0.000950757,0.000950757,0.000950757
219,2588.98,0.26564,0.37296,0.3934,0.2627,0.89782,0.99131,1,0.995,0.99444,0.99131,1,0.995,0.94467,0.15307,0.33423,0.4992,0.18279,0.76792,0.000947456,0.000947456,0.000947456
220,2597.34,0.26018,0.35033,0.39608,0.26658,0.89079,0.99155,1,0.995,0.9946,0.99155,1,0.995,0.94569,0.15913,0.32807,0.50473,0.1886,0.77057,0.000944155,0.000944155,0.000944155
221,2609.34,0.27153,0.45731,0.41254,0.28292,0.8851,0.99159,1,0.995,0.99461,0.99159,1,0.995,0.94547,0.16077,0.33759,0.49862,0.19013,0.77222,0.000940855,0.000940855,0.000940855
222,2622.98,0.24813,0.35632,0.4123,0.28279,0.87824,0.99142,1,0.995,0.995,0.99142,1,0.995,0.94556,0.16798,0.33046,0.49671,0.20529,0.77279,0.000937554,0.000937554,0.000937554
223,2632.2,0.27429,0.39601,0.39573,0.27221,0.89189,0.99144,1,0.995,0.995,0.99144,1,0.995,0.9428,0.1721,0.33396,0.49619,0.20671,0.77385,0.000934253,0.000934253,0.000934253
224,2644.68,0.23736,0.35884,0.4154,0.25542,0.85875,0.99136,1,0.995,0.995,0.99136,1,0.995,0.94115,0.16114,0.31882,0.49291,0.19867,0.77073,0.000930953,0.000930953,0.000930953
225,2654.24,0.2497,0.28555,0.40291,0.26637,0.87666,0.99121,1,0.99492,0.99492,0.99121,1,0.99492,0.93886,0.14083,0.31513,0.49739,0.1787,0.76557,0.000927652,0.000927652,0.000927652
226,2666.23,0.25122,0.34607,0.40451,0.25405,0.87898,0.99116,1,0.99492,0.99492,0.99116,1,0.99492,0.93986,0.16099,0.32705,0.49973,0.1858,0.77135,0.000924352,0.000924352,0.000924352
227,2674.43,0.23502,0.31656,0.4305,0.25144,0.87638,0.99074,1,0.99492,0.9933,0.99074,1,0.99492,0.93975,0.1622,0.3397,0.5026,0.19545,0.77321,0.000921051,0.000921051,0.000921051
228,2688.6,0.26174,0.39279,0.39598,0.28014,0.89153,0.98741,0.99929,0.995,0.995,0.98741,0.99929,0.995,0.9454,0.16452,0.32617,0.50437,0.20566,0.77401,0.00091775,0.00091775,0.00091775
229,2701.53,0.26482,0.37528,0.41952,0.26095,0.89478,0.97473,0.98731,0.99483,0.99483,0.97473,0.98731,0.99483,0.94433,0.16936,0.30376,0.49868,0.23445,0.77562,0.00091445,0.00091445,0.00091445
230,2714.5,0.23856,0.31709,0.40818,0.24743,0.86795,0.98523,0.99909,0.995,0.99447,0.98523,0.99909,0.995,0.94393,0.15879,0.30904,0.50229,0.19609,0.77215,0.000911149,0.000911149,0.000911149
231,2727.7,0.25389,0.5162,0.4123,0.24822,0.88437,0.99084,1,0.995,0.99459,0.99084,1,0.995,0.94319,0.1789,0.31334,0.49734,0.19397,0.77678,0.000907848,0.000907848,0.000907848
232,2738.75,0.24012,0.4767,0.41539,0.25192,0.86983,0.99691,1,0.995,0.995,0.99691,1,0.995,0.94364,0.16211,0.31786,0.49176,0.18717,0.77444,0.000904548,0.000904548,0.000904548
233,2752.97,0.29194,0.3316,0.37763,0.28934,0.91378,0.99799,1,0.995,0.995,0.99799,1,0.995,0.94611,0.18044,0.32751,0.48491,0.18797,0.77518,0.000901247,0.000901247,0.000901247
234,2763.38,0.25286,0.32537,0.40077,0.24826,0.8721,0.99822,1,0.995,0.995,0.99822,1,0.995,0.9415,0.15647,0.32599,0.47907,0.18029,0.76967,0.000897946,0.000897946,0.000897946
235,2777.15,0.25706,0.33701,0.4026,0.28151,0.88268,0.9971,1,0.995,0.99407,0.9971,1,0.995,0.94112,0.1759,0.33113,0.47741,0.19412,0.77304,0.000894646,0.000894646,0.000894646
236,2788.71,0.29055,0.42048,0.40813,0.26367,0.90936,0.99451,1,0.995,0.9937,0.99451,1,0.995,0.9425,0.18436,0.32575,0.47317,0.19684,0.77653,0.000891345,0.000891345,0.000891345
237,2798.87,0.25836,0.31598,0.39177,0.26139,0.88492,0.99052,1,0.995,0.995,0.99052,1,0.995,0.9416,0.18626,0.32389,0.47396,0.19452,0.77877,0.000888044,0.000888044,0.000888044
238,2811.95,0.24415,0.37718,0.40414,0.23798,0.86964,0.99023,1,0.995,0.995,0.99023,1,0.995,0.93962,0.16954,0.31435,0.48643,0.18872,0.77468,0.000884744,0.000884744,0.000884744
239,2823.17,0.25779,0.40314,0.40291,0.24911,0.87292,0.99026,1,0.995,0.99457,0.99026,1,0.995,0.94308,0.15296,0.31205,0.49125,0.18535,0.7706,0.000881443,0.000881443,0.000881443
240,2831.17,0.22339,0.29538,0.40013,0.22916,0.85738,0.99369,1,0.995,0.995,0.99369,1,0.995,0.94862,0.1417,0.3227,0.48463,0.17354,0.76889,0.000878142,0.000878142,0.000878142
241,2844.44,0.25167,0.41476,0.38201,0.24374,0.89501,0.99811,1,0.995,0.99457,0.99811,1,0.995,0.95071,0.14719,0.3166,0.48161,0.17327,0.76791,0.000874842,0.000874842,0.000874842
242,2853.95,0.23037,0.3893,0.40648,0.24422,0.87344,0.99653,1,0.995,0.995,0.99653,1,0.995,0.94707,0.1432,0.33311,0.47801,0.17064,0.76854,0.000871541,0.000871541,0.000871541
243,2866.75,0.22293,0.31808,0.39324,0.24213,0.87565,0.99598,1,0.995,0.99424,0.99598,1,0.995,0.94921,0.14574,0.32518,0.47176,0.1694,0.76916,0.00086824,0.00086824,0.00086824
244,2881.29,0.24201,0.40372,0.37598,0.22931,0.88199,0.99741,1,0.995,0.99415,0.99741,1,0.995,0.94328,0.14341,0.31335,0.47042,0.17318,0.76975,0.00086494,0.00086494,0.00086494
245,2889.4,0.24265,0.42662,0.39948,0.26748,0.86712,0.99724,1,0.995,0.99424,0.99724,1,0.995,0.93891,0.15399,0.31044,0.46812,0.17859,0.77192,0.000861639,0.000861639,0.000861639
246,2904.33,0.25106,0.42043,0.38678,0.27045,0.88009,0.99738,1,0.995,0.99422,0.99738,1,0.995,0.93956,0.14386,0.30144,0.467,0.16981,0.76887,0.000858338,0.000858338,0.000858338
247,2912.22,0.23099,0.36236,0.38286,0.24302,0.88484,0.99764,1,0.995,0.99414,0.99764,1,0.995,0.93854,0.14733,0.3038,0.46952,0.16309,0.76881,0.000855038,0.000855038,0.000855038
248,2924.09,0.24557,0.44606,0.38548,0.26332,0.88364,0.99169,1,0.995,0.995,0.99169,1,0.995,0.93266,0.15239,0.31129,0.47548,0.17714,0.76942,0.000851737,0.000851737,0.000851737
249,2931.93,0.23287,0.32774,0.37869,0.25194,0.88052,0.99162,1,0.995,0.995,0.99162,1,0.995,0.93509,0.1502,0.31013,0.48033,0.17632,0.76743,0.000848436,0.000848436,0.000848436
250,2944.02,0.23445,0.27669,0.38356,0.25082,0.864,0.99161,1,0.995,0.995,0.99161,1,0.995,0.9339,0.14326,0.30826,0.47777,0.18105,0.76786,0.000845136,0.000845136,0.000845136
251,2958.08,0.23872,0.40802,0.36982,0.26623,0.88629,0.9917,1,0.995,0.995,0.9917,1,0.995,0.93584,0.15078,0.31611,0.47129,0.179,0.76959,0.000841835,0.000841835,0.000841835
252,2967.55,0.2407,0.33142,0.37386,0.2565,0.87132,0.99508,1,0.995,0.995,0.99508,1,0.995,0.9448,0.14375,0.3134,0.47057,0.17417,0.7665,0.000838534,0.000838534,0.000838534
253,2979.04,0.23272,0.4575,0.40281,0.26071,0.85981,0.99806,1,0.995,0.995,0.99806,1,0.995,0.94847,0.14383,0.30763,0.46994,0.16648,0.76523,0.000835234,0.000835234,0.000835234
254,2994.9,0.26829,0.43445,0.36235,0.27756,0.89563,0.99838,1,0.995,0.99467,0.99838,1,0.995,0.9517,0.15381,0.31861,0.46263,0.17533,0.7676,0.000831933,0.000831933,0.000831933
255,3010.99,0.22794,0.39229,0.39205,0.24214,0.8619,0.99856,1,0.995,0.995,0.99856,1,0.995,0.94684,0.13727,0.3313,0.45919,0.16365,0.76421,0.000828632,0.000828632,0.000828632
256,3024.22,0.23041,0.3845,0.3726,0.23872,0.86907,0.99827,1,0.995,0.99464,0.99827,1,0.995,0.94782,0.1404,0.30886,0.46049,0.16215,0.76388,0.000825332,0.000825332,0.000825332
257,3037.03,0.25131,0.42787,0.37644,0.26344,0.88038,0.99788,1,0.995,0.995,0.99788,1,0.995,0.94376,0.1285,0.29516,0.46418,0.16712,0.76205,0.000822031,0.000822031,0.000822031
258,3049.45,0.23098,0.40272,0.37281,0.25232,0.88253,0.99759,1,0.995,0.995,0.99759,1,0.995,0.94233,0.14461,0.30242,0.46299,0.16762,0.76531,0.00081873,0.00081873,0.00081873
259,3062.43,0.22284,0.40805,0.39381,0.24743,0.88107,0.99724,1,0.995,0.995,0.99724,1,0.995,0.94323,0.14424,0.31047,0.45592,0.1657,0.76745,0.00081543,0.00081543,0.00081543
260,3072.99,0.21017,0.40983,0.34824,0.23527,0.86052,0.99928,1,0.995,0.995,0.99928,1,0.995,0.94166,0.14237,0.3189,0.45281,0.16609,0.76569,0.000812129,0.000812129,0.000812129
261,3086.47,0.22574,0.36015,0.39104,0.26056,0.87391,0.99554,1,0.995,0.995,0.99554,1,0.995,0.94365,0.138,0.30551,0.45508,0.16368,0.76471,0.000808828,0.000808828,0.000808828
262,3098.97,0.23005,0.37804,0.36092,0.24785,0.87306,0.98949,1,0.995,0.995,0.98949,1,0.995,0.94421,0.13145,0.30949,0.4524,0.16795,0.76442,0.000805528,0.000805528,0.000805528
263,3112.71,0.21537,0.38066,0.36353,0.24529,0.86749,1,0.99295,0.995,0.995,1,0.99295,0.995,0.93898,0.14405,0.31321,0.45532,0.17214,0.76725,0.000802227,0.000802227,0.000802227
264,3126.43,0.20219,0.27203,0.35932,0.24176,0.84849,0.99104,0.99362,0.99491,0.99491,0.99104,0.99362,0.99491,0.939,0.1351,0.29684,0.45865,0.18972,0.76762,0.000798926,0.000798926,0.000798926
265,3135.09,0.25043,0.44083,0.37902,0.26588,0.8923,0.98812,1,0.995,0.995,0.98812,1,0.995,0.93595,0.14373,0.31149,0.45536,0.18872,0.76974,0.000795626,0.000795626,0.000795626
266,3143.57,0.21974,0.33557,0.36838,0.2501,0.88368,0.99219,1,0.995,0.995,0.99219,1,0.995,0.93307,0.14476,0.30869,0.45485,0.19058,0.77079,0.000792325,0.000792325,0.000792325
267,3157.02,0.23271,0.32691,0.36523,0.24235,0.87266,0.99515,1,0.995,0.995,0.99515,1,0.995,0.93738,0.14102,0.31173,0.45663,0.17793,0.77071,0.000789024,0.000789024,0.000789024
268,3168.17,0.2298,0.28379,0.3656,0.25442,0.88853,0.99608,1,0.995,0.995,0.99608,1,0.995,0.94089,0.1387,0.30643,0.45752,0.1763,0.76897,0.000785724,0.000785724,0.000785724
269,3177.27,0.22461,0.35958,0.36227,0.25894,0.87298,0.99666,1,0.995,0.995,0.99666,1,0.995,0.94451,0.13051,0.3135,0.4562,0.16602,0.76701,0.000782423,0.000782423,0.000782423
270,3191.03,0.20835,0.30009,0.37663,0.23269,0.86387,0.99702,1,0.995,0.995,0.99702,1,0.995,0.94558,0.13656,0.29836,0.45666,0.17031,0.766,0.000779122,0.000779122,0.000779122
271,3203.63,0.2123,0.34214,0.36184,0.22589,0.86943,0.99695,1,0.995,0.995,0.99695,1,0.995,0.9478,0.13724,0.30704,0.45782,0.16393,0.76543,0.000775822,0.000775822,0.000775822
272,3212.44,0.22281,0.38112,0.38274,0.23319,0.87694,0.99677,1,0.995,0.995,0.99677,1,0.995,0.94905,0.13188,0.30466,0.45705,0.1656,0.76437,0.000772521,0.000772521,0.000772521
273,3221,0.20843,0.42984,0.3987,0.23178,0.86448,0.99323,1,0.995,0.99461,0.99323,1,0.995,0.94682,0.12971,0.29373,0.45545,0.16385,0.76435,0.00076922,0.00076922,0.00076922
274,3235.53,0.21053,0.33622,0.38488,0.23362,0.85364,0.98894,1,0.995,0.99452,0.98894,1,0.995,0.94222,0.13923,0.29903,0.45732,0.17764,0.7648,0.00076592,0.00076592,0.00076592
275,3243.61,0.20813,0.36868,0.37364,0.2385,0.85206,0.99055,1,0.995,0.995,0.99055,1,0.995,0.94493,0.13053,0.29522,0.45867,0.171,0.76197,0.000762619,0.000762619,0.000762619
276,3257.88,0.20133,0.2879,0.38212,0.22548,0.85587,0.9921,1,0.995,0.995,0.9921,1,0.995,0.95629,0.12463,0.31092,0.45795,0.16974,0.76162,0.000759318,0.000759318,0.000759318
277,3267.58,0.22709,0.37106,0.35757,0.24124,0.87703,0.9944,1,0.995,0.995,0.9944,1,0.995,0.95612,0.12518,0.30153,0.44945,0.17219,0.76279,0.000756018,0.000756018,0.000756018
278,3279.24,0.22816,0.37372,0.36816,0.23702,0.86463,0.99591,1,0.995,0.995,0.99591,1,0.995,0.95394,0.11874,0.30922,0.44506,0.16507,0.76172,0.000752717,0.000752717,0.000752717
279,3288.31,0.21414,0.45167,0.35298,0.23255,0.87135,0.99716,1,0.995,0.995,0.99716,1,0.995,0.95444,0.12157,0.30116,0.43944,0.15968,0.76288,0.000749417,0.000749417,0.000749417
280,3297.12,0.22517,0.33501,0.33641,0.239,0.89402,0.99824,1,0.995,0.995,0.99824,1,0.995,0.95269,0.11926,0.30556,0.43795,0.15435,0.7614,0.000746116,0.000746116,0.000746116
281,3310.65,0.2178,0.28978,0.3546,0.21511,0.85944,0.99853,1,0.995,0.995,0.99853,1,0.995,0.9515,0.12459,0.30228,0.43104,0.15073,0.76181,0.000742815,0.000742815,0.000742815
282,3319.58,0.23433,0.33992,0.3341,0.27074,0.87222,0.9989,1,0.995,0.995,0.9989,1,0.995,0.95034,0.12334,0.30674,0.43064,0.15944,0.76083,0.000739515,0.000739515,0.000739515
283,3333.46,0.19894,0.2864,0.36807,0.22027,0.87825,0.9989,1,0.995,0.995,0.9989,1,0.995,0.9423,0.1291,0.31641,0.42776,0.16332,0.76258,0.000736214,0.000736214,0.000736214
284,3346.25,0.2019,0.27324,0.33258,0.22127,0.83865,0.99872,1,0.995,0.995,0.99872,1,0.995,0.94388,0.12503,0.30934,0.42929,0.15611,0.76347,0.000732913,0.000732913,0.000732913
285,3355.97,0.21031,0.2486,0.36116,0.22336,0.86384,0.99873,1,0.995,0.995,0.99873,1,0.995,0.94119,0.12234,0.30615,0.43065,0.15387,0.76242,0.000729613,0.000729613,0.000729613
286,3369.98,0.20905,0.27224,0.37001,0.23739,0.8583,0.99901,1,0.995,0.995,0.99901,1,0.995,0.94106,0.12674,0.31199,0.43095,0.15756,0.76407,0.000726312,0.000726312,0.000726312
287,3378.78,0.21019,0.27815,0.33277,0.23345,0.85799,0.99859,1,0.995,0.995,0.99859,1,0.995,0.93977,0.12612,0.29943,0.42807,0.15404,0.76528,0.000723011,0.000723011,0.000723011
288,3393.14,0.19499,0.40093,0.3705,0.21782,0.85366,0.99853,1,0.995,0.995,0.99853,1,0.995,0.93803,0.12042,0.30007,0.42554,0.14888,0.76367,0.000719711,0.000719711,0.000719711
289,3401.74,0.20719,0.27771,0.35983,0.23079,0.86281,0.99871,1,0.995,0.995,0.99871,1,0.995,0.9419,0.13193,0.29531,0.42806,0.16104,0.76505,0.00071641,0.00071641,0.00071641
290,3416.18,0.22292,0.23316,0.3296,0.25931,0.87549,0.99859,1,0.995,0.995,0.99859,1,0.995,0.94438,0.1377,0.301,0.42164,0.16368,0.76632,0.000713109,0.000713109,0.000713109
291,3424.7,0.20382,0.29701,0.36129,0.2143,0.86304,0.99881,1,0.995,0.995,0.99881,1,0.995,0.94622,0.13268,0.29908,0.42141,0.1607,0.76449,0.000709809,0.000709809,0.000709809
292,3435.7,0.20862,0.35469,0.34791,0.23182,0.86701,0.99888,1,0.995,0.995,0.99888,1,0.995,0.94496,0.13636,0.30328,0.41724,0.15722,0.76503,0.000706508,0.000706508,0.000706508
293,3446.58,0.1865,0.23117,0.33152,0.22212,0.86292,0.99894,1,0.995,0.995,0.99894,1,0.995,0.94173,0.12644,0.29648,0.41165,0.15436,0.76392,0.000703207,0.000703207,0.000703207
294,3455.68,0.19562,0.30324,0.36372,0.21037,0.84198,0.99894,1,0.995,0.995,0.99894,1,0.995,0.94376,0.13825,0.29907,0.40997,0.15982,0.76533,0.000699907,0.000699907,0.000699907
295,3471.5,0.22503,0.3977,0.35026,0.2456,0.88333,0.99866,1,0.995,0.995,0.99866,1,0.995,0.94279,0.13089,0.29933,0.40888,0.15694,0.76442,0.000696606,0.000696606,0.000696606
296,3485.81,0.19959,0.32704,0.33274,0.21618,0.86345,0.99871,1,0.995,0.995,0.99871,1,0.995,0.9402,0.13936,0.29974,0.41361,0.16084,0.76516,0.000693305,0.000693305,0.000693305
297,3494.08,0.20297,0.33112,0.3446,0.21442,0.85326,0.99875,1,0.995,0.995,0.99875,1,0.995,0.9432,0.12634,0.30635,0.41954,0.15495,0.76542,0.000690005,0.000690005,0.000690005
298,3502.7,0.19265,0.3074,0.34368,0.22967,0.84778,0.99876,1,0.995,0.995,0.99876,1,0.995,0.93876,0.12042,0.3002,0.41362,0.16035,0.76484,0.000686704,0.000686704,0.000686704
299,3511.7,0.1857,0.31089,0.35162,0.20657,0.85535,0.99879,1,0.995,0.995,0.99879,1,0.995,0.93927,0.12527,0.29851,0.41202,0.16447,0.76465,0.000683403,0.000683403,0.000683403
300,3520.93,0.20981,0.37579,0.33399,0.23496,0.86504,0.99895,1,0.995,0.995,0.99895,1,0.995,0.93964,0.12551,0.30577,0.40478,0.16378,0.76484,0.000680103,0.000680103,0.000680103
301,3536.41,0.19901,0.231,0.32662,0.21916,0.86334,0.99888,1,0.995,0.995,0.99888,1,0.995,0.94342,0.13981,0.30815,0.40034,0.16716,0.7663,0.000676802,0.000676802,0.000676802
302,3544.79,0.21844,0.34781,0.3458,0.24264,0.87891,0.9988,1,0.995,0.995,0.9988,1,0.995,0.94424,0.12495,0.30728,0.40247,0.15829,0.76413,0.000673501,0.000673501,0.000673501
303,3556.92,0.2114,0.34584,0.32049,0.23794,0.86881,0.9988,1,0.995,0.995,0.9988,1,0.995,0.94483,0.12798,0.30789,0.40531,0.1596,0.76472,0.000670201,0.000670201,0.000670201
304,3564.96,0.20005,0.32746,0.32315,0.23546,0.86647,0.99882,1,0.995,0.995,0.99882,1,0.995,0.94338,0.12485,0.30746,0.40849,0.16467,0.76347,0.0006669,0.0006669,0.0006669
305,3579.81,0.20194,0.28778,0.33471,0.20842,0.85449,0.9988,1,0.995,0.995,0.9988,1,0.995,0.94643,0.11695,0.31329,0.40914,0.15199,0.76304,0.000663599,0.000663599,0.000663599
306,3587.69,0.18985,0.36954,0.34325,0.22533,0.85408,0.99859,1,0.995,0.995,0.99859,1,0.995,0.9513,0.12068,0.30707,0.40894,0.14808,0.76275,0.000660299,0.000660299,0.000660299
307,3601.29,0.19432,0.23674,0.33928,0.21528,0.86466,0.99857,1,0.995,0.995,0.99857,1,0.995,0.95218,0.114,0.2962,0.40787,0.1438,0.76112,0.000656998,0.000656998,0.000656998
308,3615.64,0.20042,0.35706,0.33446,0.21874,0.8734,0.99862,1,0.995,0.995,0.99862,1,0.995,0.95083,0.11563,0.29918,0.40736,0.14191,0.76081,0.000653697,0.000653697,0.000653697
309,3624.27,0.18843,0.24893,0.34738,0.20705,0.84187,0.99865,1,0.995,0.995,0.99865,1,0.995,0.95236,0.11957,0.29599,0.40827,0.14609,0.76218,0.000650397,0.000650397,0.000650397
310,3639.05,0.19475,0.33401,0.33501,0.21704,0.85983,0.99877,1,0.995,0.995,0.99877,1,0.995,0.95578,0.11297,0.29333,0.40852,0.14537,0.76175,0.000647096,0.000647096,0.000647096
311,3647.52,0.18814,0.3142,0.35333,0.20664,0.86986,0.99881,1,0.995,0.995,0.99881,1,0.995,0.95649,0.10687,0.29181,0.40435,0.14002,0.76169,0.000643795,0.000643795,0.000643795
312,3661.23,0.18251,0.29527,0.32997,0.20658,0.85473,0.99883,1,0.995,0.995,0.99883,1,0.995,0.95656,0.10526,0.29148,0.40457,0.14071,0.76079,0.000640495,0.000640495,0.000640495
313,3677.69,0.17642,0.263,0.32526,0.2002,0.85505,0.99869,1,0.995,0.995,0.99869,1,0.995,0.95573,0.10934,0.30065,0.41093,0.14375,0.761,0.000637194,0.000637194,0.000637194
314,3690.17,0.19544,0.3453,0.33569,0.20895,0.86356,0.99868,1,0.995,0.995,0.99868,1,0.995,0.95433,0.11578,0.30155,0.40219,0.14509,0.76114,0.000633893,0.000633893,0.000633893
315,3703.81,0.19216,0.30037,0.32671,0.2173,0.86704,0.99886,1,0.995,0.995,0.99886,1,0.995,0.95192,0.11447,0.29754,0.39393,0.14925,0.76049,0.000630593,0.000630593,0.000630593
316,3712.39,0.20169,0.30184,0.34336,0.20591,0.84135,0.99894,1,0.995,0.995,0.99894,1,0.995,0.95104,0.11601,0.295,0.39068,0.1444,0.76081,0.000627292,0.000627292,0.000627292
317,3727.11,0.19591,0.25891,0.31553,0.2119,0.86029,0.99891,1,0.995,0.995,0.99891,1,0.995,0.94717,0.11574,0.29573,0.39353,0.15201,0.75974,0.000623991,0.000623991,0.000623991
318,3735.26,0.20257,0.30525,0.32279,0.20893,0.8636,0.9989,1,0.995,0.995,0.9989,1,0.995,0.94552,0.11186,0.2923,0.39193,0.15038,0.75954,0.000620691,0.000620691,0.000620691
319,3747.14,0.19776,0.22196,0.32438,0.22366,0.86999,0.99893,1,0.995,0.995,0.99893,1,0.995,0.94193,0.106,0.30313,0.38843,0.14235,0.75968,0.00061739,0.00061739,0.00061739
320,3759.69,0.18604,0.27109,0.33471,0.20452,0.84001,0.99892,1,0.995,0.995,0.99892,1,0.995,0.94479,0.11575,0.29817,0.38736,0.14757,0.75961,0.000614089,0.000614089,0.000614089
321,3774.38,0.19867,0.34883,0.31896,0.21584,0.85686,0.99884,1,0.995,0.995,0.99884,1,0.995,0.94556,0.12116,0.29555,0.38872,0.1511,0.76041,0.000610789,0.000610789,0.000610789
322,3782.62,0.17007,0.29438,0.32341,0.19797,0.83467,0.99894,1,0.995,0.995,0.99894,1,0.995,0.94665,0.11593,0.29394,0.38766,0.14839,0.76106,0.000607488,0.000607488,0.000607488
323,3794.83,0.18838,0.26329,0.32392,0.21608,0.85675,0.99915,1,0.995,0.995,0.99915,1,0.995,0.94884,0.11488,0.29099,0.38206,0.14837,0.76003,0.000604187,0.000604187,0.000604187
324,3807.97,0.19592,0.30415,0.31324,0.22869,0.86115,0.99903,1,0.995,0.995,0.99903,1,0.995,0.95168,0.10825,0.30534,0.38873,0.13882,0.75992,0.000600887,0.000600887,0.000600887
325,3821.66,0.18281,0.28114,0.32545,0.19781,0.83746,0.99894,1,0.995,0.995,0.99894,1,0.995,0.95296,0.1114,0.29514,0.38886,0.14559,0.76105,0.000597586,0.000597586,0.000597586
326,3831.83,0.18901,0.23474,0.32814,0.20003,0.84471,0.99893,1,0.995,0.995,0.99893,1,0.995,0.9534,0.112,0.287,0.3812,0.14283,0.76135,0.000594286,0.000594286,0.000594286
327,3842.59,0.18636,0.27091,0.30609,0.20767,0.85494,0.99895,1,0.995,0.995,0.99895,1,0.995,0.95107,0.11399,0.29055,0.38133,0.13921,0.76177,0.000590985,0.000590985,0.000590985
328,3855.56,0.1847,0.29958,0.29677,0.20205,0.85247,0.99888,1,0.995,0.995,0.99888,1,0.995,0.94622,0.11247,0.30045,0.38196,0.14199,0.75976,0.000587684,0.000587684,0.000587684
329,3864.8,0.17976,0.35058,0.32127,0.21088,0.84053,0.99891,1,0.995,0.9945,0.99891,1,0.995,0.94563,0.11005,0.30152,0.3828,0.14262,0.75984,0.000584384,0.000584384,0.000584384
330,3878.79,0.17456,0.3261,0.33042,0.20248,0.8491,0.99887,1,0.995,0.995,0.99887,1,0.995,0.94762,0.11089,0.30745,0.38178,0.13985,0.76038,0.000581083,0.000581083,0.000581083
331,3892.32,0.17853,0.24861,0.30704,0.21138,0.85083,0.99886,1,0.995,0.995,0.99886,1,0.995,0.94661,0.10363,0.31047,0.37982,0.13474,0.75988,0.000577782,0.000577782,0.000577782
332,3903.11,0.18388,0.32476,0.29983,0.21667,0.86586,0.99895,1,0.995,0.995,0.99895,1,0.995,0.94546,0.1114,0.30123,0.37934,0.13691,0.76119,0.000574482,0.000574482,0.000574482
333,3915.45,0.17554,0.22879,0.31711,0.1894,0.8378,0.99906,1,0.995,0.995,0.99906,1,0.995,0.94685,0.10099,0.29121,0.38316,0.13731,0.76037,0.000571181,0.000571181,0.000571181
334,3923.41,0.18322,0.19239,0.3115,0.20837,0.87316,0.99905,1,0.995,0.995,0.99905,1,0.995,0.94506,0.11048,0.28999,0.38568,0.142,0.76107,0.00056788,0.00056788,0.00056788
335,3937.69,0.1991,0.24961,0.30482,0.21527,0.85816,0.99903,1,0.995,0.995,0.99903,1,0.995,0.94456,0.11134,0.2868,0.38164,0.14193,0.75996,0.00056458,0.00056458,0.00056458
336,3946.48,0.18896,0.33398,0.31476,0.21374,0.84739,0.99903,1,0.995,0.995,0.99903,1,0.995,0.94551,0.11697,0.28682,0.38112,0.1453,0.75948,0.000561279,0.000561279,0.000561279
337,3957.12,0.19573,0.265,0.29474,0.21365,0.85661,0.99908,1,0.995,0.995,0.99908,1,0.995,0.94832,0.10992,0.28626,0.38019,0.14384,0.75736,0.000557978,0.000557978,0.000557978
338,3970.47,0.17061,0.26745,0.31903,0.20848,0.84223,0.99903,1,0.995,0.995,0.99903,1,0.995,0.94655,0.09819,0.28636,0.37961,0.13542,0.7566,0.000554678,0.000554678,0.000554678
339,3984.29,0.17899,0.36303,0.31756,0.20039,0.86363,0.99908,1,0.995,0.995,0.99908,1,0.995,0.94925,0.10776,0.29081,0.37852,0.13712,0.75887,0.000551377,0.000551377,0.000551377
340,3997.48,0.17225,0.24063,0.30574,0.19534,0.85679,0.99909,1,0.995,0.995,0.99909,1,0.995,0.9495,0.10692,0.28691,0.37922,0.13911,0.75861,0.000548076,0.000548076,0.000548076
341,4010.16,0.16671,0.25632,0.30913,0.19565,0.85216,0.99905,1,0.995,0.995,0.99905,1,0.995,0.95054,0.09541,0.28202,0.38315,0.13112,0.75661,0.000544776,0.000544776,0.000544776
342,4023.25,0.16467,0.28649,0.30188,0.19066,0.83778,0.99908,1,0.995,0.995,0.99908,1,0.995,0.94975,0.10588,0.28384,0.38151,0.1304,0.75749,0.000541475,0.000541475,0.000541475
343,4033.76,0.17348,0.22518,0.28981,0.20323,0.8435,0.99911,1,0.995,0.995,0.99911,1,0.995,0.94948,0.10188,0.2925,0.37495,0.13137,0.75697,0.000538174,0.000538174,0.000538174
344,4047.21,0.17327,0.39494,0.30825,0.20557,0.83877,0.99911,1,0.995,0.995,0.99911,1,0.995,0.94789,0.10718,0.30194,0.37139,0.14117,0.75742,0.000534874,0.000534874,0.000534874
345,4059,0.17343,0.2787,0.29372,0.19413,0.8534,0.9991,1,0.995,0.995,0.9991,1,0.995,0.9456,0.10232,0.29345,0.37256,0.13837,0.75816,0.000531573,0.000531573,0.000531573
346,4067.45,0.18133,0.27309,0.3002,0.19479,0.84353,0.99913,1,0.995,0.995,0.99913,1,0.995,0.94651,0.09845,0.29741,0.37591,0.13281,0.75761,0.000528272,0.000528272,0.000528272
347,4079.29,0.16738,0.35135,0.29243,0.19217,0.8384,0.99912,1,0.995,0.995,0.99912,1,0.995,0.94944,0.101,0.30401,0.37216,0.13195,0.75742,0.000524972,0.000524972,0.000524972
348,4092.72,0.17792,0.32514,0.30137,0.21741,0.8509,0.9991,1,0.995,0.995,0.9991,1,0.995,0.9507,0.09989,0.32398,0.37097,0.13223,0.75697,0.000521671,0.000521671,0.000521671
349,4102.07,0.1801,0.3824,0.331,0.19956,0.86907,0.99909,1,0.995,0.995,0.99909,1,0.995,0.94906,0.11063,0.30959,0.37124,0.13385,0.75848,0.00051837,0.00051837,0.00051837
350,4115.52,0.18923,0.39935,0.30099,0.18709,0.85868,0.99911,1,0.995,0.995,0.99911,1,0.995,0.95083,0.11011,0.29423,0.36535,0.13754,0.7579,0.00051507,0.00051507,0.00051507
351,4128.73,0.17408,0.26456,0.28436,0.2087,0.85172,0.99908,1,0.995,0.995,0.99908,1,0.995,0.94859,0.12234,0.29533,0.36352,0.14344,0.75874,0.000511769,0.000511769,0.000511769
352,4143.19,0.17329,0.34067,0.30065,0.22476,0.85418,0.99909,1,0.995,0.995,0.99909,1,0.995,0.94684,0.10446,0.3,0.36757,0.1371,0.75623,0.000508468,0.000508468,0.000508468
353,4153.46,0.1783,0.20401,0.29027,0.21003,0.85196,0.99909,1,0.995,0.995,0.99909,1,0.995,0.94666,0.10952,0.29342,0.37319,0.14034,0.75634,0.000505168,0.000505168,0.000505168
354,4164.75,0.17447,0.34567,0.32,0.20727,0.84799,0.99908,1,0.995,0.995,0.99908,1,0.995,0.94768,0.09835,0.28579,0.37033,0.13279,0.75487,0.000501867,0.000501867,0.000501867
355,4174.77,0.1664,0.25902,0.30975,0.18683,0.8311,0.99906,1,0.995,0.995,0.99906,1,0.995,0.95108,0.10957,0.28631,0.36553,0.13767,0.75667,0.000498566,0.000498566,0.000498566
356,4187.89,0.17327,0.39539,0.32189,0.19597,0.85092,0.99902,1,0.995,0.995,0.99902,1,0.995,0.9516,0.10459,0.28845,0.36864,0.13461,0.75694,0.000495266,0.000495266,0.000495266
357,4198.68,0.16883,0.36076,0.29026,0.19723,0.84856,0.99902,1,0.995,0.995,0.99902,1,0.995,0.9522,0.10083,0.2826,0.36577,0.12674,0.75641,0.000491965,0.000491965,0.000491965
358,4208.98,0.16378,0.30734,0.29422,0.20069,0.84485,0.99899,1,0.995,0.995,0.99899,1,0.995,0.9522,0.09492,0.28759,0.36249,0.1247,0.75615,0.000488664,0.000488664,0.000488664
359,4223.07,0.1701,0.25009,0.29958,0.2034,0.86075,0.999,1,0.995,0.995,0.999,1,0.995,0.9509,0.10615,0.29112,0.3617,0.13418,0.75737,0.000485364,0.000485364,0.000485364
360,4234.89,0.16744,0.24208,0.29377,0.18405,0.84833,0.99906,1,0.995,0.995,0.99906,1,0.995,0.95088,0.10988,0.28821,0.364,0.13785,0.75759,0.000482063,0.000482063,0.000482063
361,4243.21,0.16634,0.31106,0.28299,0.20055,0.83971,0.99913,1,0.995,0.995,0.99913,1,0.995,0.95005,0.10179,0.28618,0.36352,0.13189,0.75679,0.000478762,0.000478762,0.000478762
362,4256.24,0.16463,0.21851,0.28283,0.2065,0.8549,0.99914,1,0.995,0.995,0.99914,1,0.995,0.94969,0.09301,0.28516,0.36038,0.13079,0.75537,0.000475462,0.000475462,0.000475462
363,4270.74,0.17006,0.2142,0.28042,0.19552,0.86053,0.99914,1,0.995,0.995,0.99914,1,0.995,0.9484,0.09271,0.28426,0.36227,0.13045,0.75523,0.000472161,0.000472161,0.000472161
364,4284.44,0.17159,0.35293,0.29755,0.18786,0.84886,0.9991,1,0.995,0.995,0.9991,1,0.995,0.95181,0.09696,0.29048,0.35924,0.13107,0.75529,0.00046886,0.00046886,0.00046886
365,4297.55,0.17097,0.3144,0.27571,0.19049,0.85353,0.99908,1,0.995,0.995,0.99908,1,0.995,0.95211,0.09214,0.29946,0.35597,0.12599,0.75507,0.00046556,0.00046556,0.00046556
366,4309.23,0.16038,0.26584,0.30572,0.17349,0.83276,0.99906,1,0.995,0.995,0.99906,1,0.995,0.95271,0.09942,0.2947,0.35737,0.12595,0.75578,0.000462259,0.000462259,0.000462259
367,4325.57,0.17797,0.21611,0.28481,0.22247,0.85702,0.99909,1,0.995,0.995,0.99909,1,0.995,0.95165,0.10706,0.28937,0.35786,0.12811,0.75674,0.000458958,0.000458958,0.000458958
368,4334.8,0.16289,0.30995,0.30818,0.18466,0.84084,0.99909,1,0.995,0.995,0.99909,1,0.995,0.94983,0.10403,0.28798,0.35834,0.12892,0.75636,0.000455658,0.000455658,0.000455658
369,4347.18,0.15684,0.29731,0.29078,0.17531,0.83923,0.99909,1,0.995,0.995,0.99909,1,0.995,0.94933,0.09317,0.2908,0.35889,0.12502,0.75508,0.000452357,0.000452357,0.000452357
370,4359.44,0.15412,0.24499,0.29117,0.16803,0.83266,0.9991,1,0.995,0.995,0.9991,1,0.995,0.94449,0.09185,0.2864,0.36046,0.12504,0.75493,0.000449056,0.000449056,0.000449056
371,4367.8,0.14933,0.29085,0.28642,0.17592,0.82729,0.9991,1,0.995,0.995,0.9991,1,0.995,0.94328,0.10465,0.29667,0.35882,0.12997,0.75667,0.000445756,0.000445756,0.000445756
372,4379.94,0.17101,0.24637,0.28248,0.1954,0.85156,0.9991,1,0.995,0.995,0.9991,1,0.995,0.94263,0.0983,0.29885,0.3583,0.12885,0.7563,0.000442455,0.000442455,0.000442455
373,4388.71,0.15886,0.27421,0.28314,0.18761,0.85847,0.99911,1,0.995,0.995,0.99911,1,0.995,0.94251,0.09845,0.29368,0.361,0.13007,0.75659,0.000439154,0.000439154,0.000439154
374,4397.91,0.14514,0.28468,0.27913,0.17878,0.84473,0.9991,1,0.995,0.995,0.9991,1,0.995,0.94237,0.09948,0.28392,0.36275,0.13344,0.7564,0.000435854,0.000435854,0.000435854
375,4406.32,0.16568,0.30295,0.28865,0.19386,0.85421,0.99909,1,0.995,0.995,0.99909,1,0.995,0.94479,0.1006,0.28764,0.36615,0.1306,0.75715,0.000432553,0.000432553,0.000432553
376,4419.53,0.15778,0.26862,0.26198,0.18953,0.83007,0.99908,1,0.995,0.995,0.99908,1,0.995,0.94458,0.09368,0.29392,0.36755,0.13124,0.75663,0.000429253,0.000429253,0.000429253
377,4427.3,0.15065,0.2115,0.27473,0.17467,0.82209,0.99906,1,0.995,0.995,0.99906,1,0.995,0.94445,0.09135,0.29635,0.36772,0.12728,0.75568,0.000425952,0.000425952,0.000425952
378,4440.62,0.16146,0.27814,0.27541,0.19088,0.84528,0.99904,1,0.995,0.995,0.99904,1,0.995,0.94581,0.09589,0.30548,0.3626,0.1308,0.75539,0.000422651,0.000422651,0.000422651
379,4454.56,0.1528,0.28176,0.28689,0.2082,0.83406,0.99908,1,0.995,0.995,0.99908,1,0.995,0.94507,0.09564,0.29619,0.35478,0.12929,0.7557,0.000419351,0.000419351,0.000419351
380,4467.63,0.15544,0.37713,0.28856,0.19624,0.84687,0.99909,1,0.995,0.995,0.99909,1,0.995,0.94535,0.0921,0.29363,0.35211,0.12676,0.75564,0.00041605,0.00041605,0.00041605
381,4480.83,0.16325,0.25147,0.28279,0.19859,0.84859,0.99909,1,0.995,0.995,0.99909,1,0.995,0.94735,0.09382,0.29237,0.35371,0.12595,0.75645,0.000412749,0.000412749,0.000412749
382,4493.5,0.16282,0.2343,0.27488,0.18138,0.838,0.99907,1,0.995,0.995,0.99907,1,0.995,0.94863,0.09849,0.30283,0.35585,0.13081,0.75685,0.000409449,0.000409449,0.000409449
383,4505.17,0.17753,0.45547,0.26948,0.19715,0.86355,0.9991,1,0.995,0.995,0.9991,1,0.995,0.94989,0.09588,0.32256,0.35304,0.12976,0.75632,0.000406148,0.000406148,0.000406148
384,4519.13,0.16035,0.30126,0.27733,0.19848,0.83475,0.99912,1,0.995,0.995,0.99912,1,0.995,0.94845,0.09137,0.30881,0.34818,0.12144,0.75597,0.000402847,0.000402847,0.000402847
385,4528.57,0.16671,0.27079,0.27172,0.17765,0.83731,0.99913,1,0.995,0.995,0.99913,1,0.995,0.94879,0.09009,0.28601,0.34784,0.12021,0.75557,0.000399547,0.000399547,0.000399547
386,4542.15,0.14566,0.35589,0.28111,0.17535,0.83637,0.99912,1,0.995,0.995,0.99912,1,0.995,0.94787,0.08951,0.28421,0.34699,0.12707,0.75507,0.000396246,0.000396246,0.000396246
387,4552.85,0.14522,0.24087,0.26016,0.17431,0.84493,0.99909,1,0.995,0.995,0.99909,1,0.995,0.94476,0.0894,0.2888,0.34572,0.12671,0.75504,0.000392945,0.000392945,0.000392945
388,4563.95,0.15681,0.2426,0.25053,0.18994,0.84555,0.99905,1,0.995,0.995,0.99905,1,0.995,0.94449,0.08522,0.29753,0.34557,0.12679,0.75466,0.000389645,0.000389645,0.000389645
389,4577.77,0.16219,0.25935,0.28228,0.19131,0.84263,0.99906,1,0.995,0.995,0.99906,1,0.995,0.94438,0.08509,0.30017,0.34434,0.12289,0.75448,0.000386344,0.000386344,0.000386344
390,4587.43,0.14924,0.33433,0.28559,0.17623,0.83306,0.99909,1,0.995,0.995,0.99909,1,0.995,0.9436,0.08566,0.28492,0.34293,0.12089,0.75459,0.000383043,0.000383043,0.000383043
391,4602.47,0.15966,0.24359,0.27293,0.18062,0.83561,0.99912,1,0.995,0.995,0.99912,1,0.995,0.94391,0.08619,0.2865,0.34558,0.12336,0.75442,0.000379743,0.000379743,0.000379743
392,4611.08,0.16148,0.36214,0.28876,0.18925,0.84968,0.99912,1,0.995,0.995,0.99912,1,0.995,0.9456,0.08562,0.28899,0.34774,0.128,0.75413,0.000376442,0.000376442,0.000376442
393,4625.92,0.171,0.29584,0.27403,0.19003,0.84828,0.99912,1,0.995,0.995,0.99912,1,0.995,0.94599,0.08786,0.28512,0.34652,0.12613,0.75503,0.000373141,0.000373141,0.000373141
394,4634.16,0.16354,0.31988,0.27515,0.20236,0.84534,0.99909,1,0.995,0.995,0.99909,1,0.995,0.94599,0.08562,0.28721,0.34394,0.12064,0.7545,0.000369841,0.000369841,0.000369841
395,4647.78,0.16429,0.21728,0.28501,0.20216,0.84376,0.99906,1,0.995,0.995,0.99906,1,0.995,0.9487,0.08672,0.28433,0.34231,0.11884,0.75413,0.00036654,0.00036654,0.00036654
396,4655.97,0.16419,0.28239,0.28026,0.18253,0.85236,0.99905,1,0.995,0.995,0.99905,1,0.995,0.95235,0.08733,0.28285,0.3435,0.11928,0.75431,0.000363239,0.000363239,0.000363239
397,4669.35,0.13306,0.26351,0.27417,0.17317,0.84103,0.99911,1,0.995,0.995,0.99911,1,0.995,0.95219,0.08109,0.28222,0.34316,0.11791,0.75323,0.000359939,0.000359939,0.000359939
398,4677.71,0.15811,0.2686,0.25858,0.19519,0.84436,0.9991,1,0.995,0.995,0.9991,1,0.995,0.9506,0.08899,0.28278,0.3417,0.12706,0.75454,0.000356638,0.000356638,0.000356638
399,4689.67,0.15725,0.22999,0.2741,0.1669,0.84465,0.99908,1,0.995,0.995,0.99908,1,0.995,0.948,0.08334,0.28925,0.34143,0.11968,0.75372,0.000353337,0.000353337,0.000353337
400,4703.68,0.13953,0.30493,0.2878,0.16605,0.82815,0.99909,1,0.995,0.995,0.99909,1,0.995,0.94752,0.0837,0.28496,0.33951,0.11885,0.75366,0.000350037,0.000350037,0.000350037
401,4712.93,0.14726,0.29518,0.25056,0.16821,0.83184,0.99911,1,0.995,0.995,0.99911,1,0.995,0.94563,0.09066,0.28447,0.33761,0.1236,0.75397,0.000346736,0.000346736,0.000346736
402,4727.94,0.16186,0.32389,0.27723,0.18267,0.84708,0.9991,1,0.995,0.995,0.9991,1,0.995,0.94516,0.08995,0.288,0.33798,0.12451,0.75421,0.000343435,0.000343435,0.000343435
403,4741.57,0.16924,0.33317,0.25725,0.19412,0.85364,0.99912,1,0.995,0.995,0.99912,1,0.995,0.94656,0.08451,0.28438,0.34043,0.11698,0.75412,0.000340135,0.000340135,0.000340135
404,4750.9,0.14978,0.24998,0.26682,0.18187,0.83359,0.99912,1,0.995,0.995,0.99912,1,0.995,0.9503,0.08524,0.28631,0.34296,0.11463,0.75402,0.000336834,0.000336834,0.000336834
405,4763.81,0.15728,0.29992,0.26965,0.19385,0.84219,0.99912,1,0.995,0.995,0.99912,1,0.995,0.95227,0.08601,0.28815,0.33929,0.11384,0.75486,0.000333533,0.000333533,0.000333533
406,4771.73,0.1504,0.32117,0.26748,0.17689,0.8286,0.99912,1,0.995,0.995,0.99912,1,0.995,0.94777,0.08744,0.28171,0.33758,0.11689,0.75489,0.000330233,0.000330233,0.000330233
407,4785.01,0.14104,0.23712,0.26806,0.17426,0.83679,0.9991,1,0.995,0.995,0.9991,1,0.995,0.94618,0.08727,0.28223,0.34234,0.11517,0.75363,0.000326932,0.000326932,0.000326932
408,4793.8,0.14812,0.2164,0.26608,0.17348,0.84072,0.99911,1,0.995,0.995,0.99911,1,0.995,0.94771,0.08586,0.28092,0.34528,0.11454,0.75364,0.000323631,0.000323631,0.000323631
409,4806.33,0.1424,0.3479,0.26137,0.20137,0.82759,0.9991,1,0.995,0.995,0.9991,1,0.995,0.9452,0.08607,0.28142,0.33882,0.11896,0.75371,0.000320331,0.000320331,0.000320331
410,4818.33,0.15741,0.23696,0.24957,0.18218,0.85281,0.9991,1,0.995,0.995,0.9991,1,0.995,0.94687,0.08085,0.28274,0.33596,0.11933,0.75325,0.00031703,0.00031703,0.00031703
411,4827.27,0.13121,0.28727,0.27858,0.16325,0.82836,0.99907,1,0.995,0.995,0.99907,1,0.995,0.9442,0.0819,0.28115,0.3336,0.11972,0.75356,0.000313729,0.000313729,0.000313729
412,4836.64,0.15085,0.23348,0.26297,0.17183,0.84776,0.99911,1,0.995,0.995,0.99911,1,0.995,0.94465,0.08773,0.28147,0.33244,0.12139,0.75508,0.000310429,0.000310429,0.000310429
