epoch,time,train/box_loss,train/cls_loss,train/dfl_loss,metrics/precision(B),metrics/recall(B),metrics/mAP50(B),metrics/mAP50-95(B),val/box_loss,val/cls_loss,val/dfl_loss,lr/pg0,lr/pg1,lr/pg2
1,21.9541,1.51264,2.55268,1.3132,0.8671,0.45112,0.47514,0.29165,1.17965,1.39224,1.07301,0.00017148,0.00017148,0.00017148
2,30.4247,1.19749,0.90069,1.07926,0.66558,0.60338,0.52132,0.31214,1.15519,1.34515,1.07019,0.000356543,0.000356543,0.000356543
3,40.4608,1.23519,0.77883,1.10684,0.39537,0.49429,0.35495,0.19811,1.32804,2.26375,1.19307,0.00054087,0.00054087,0.00054087
4,48.6916,1.27185,0.89565,1.13209,0.49514,0.53102,0.46888,0.25503,1.33484,2.03867,1.21191,0.000724461,0.000724461,0.000724461
5,57.984,1.25371,0.77371,1.10421,0.00234,0.02701,0.00073,0.00062,3.04748,inf,9.5974,0.000907317,0.000907317,0.000907317
6,66.434,1.22378,0.75488,1.09716,0.75219,0.65558,0.7123,0.40331,1.37271,1.0463,1.26714,0.00108944,0.00108944,0.00108944
7,77.0468,1.2205,0.70778,1.10277,0.78819,0.69816,0.74138,0.3792,1.46283,1.01145,1.27849,0.00127082,0.00127082,0.00127082
8,86.3438,1.21018,0.71434,1.11208,0.84098,0.70469,0.73699,0.39174,1.3982,1.05068,1.30371,0.00140919,0.00140919,0.00140919
9,94.8091,1.21781,0.73706,1.11861,0.91676,0.66109,0.73623,0.40755,1.3958,0.93163,1.36378,0.00140636,0.00140636,0.00140636
10,107.269,1.23184,0.74992,1.11245,0.77014,0.74137,0.72417,0.37387,1.47767,0.98976,1.46632,0.00140354,0.00140354,0.00140354
11,115.218,1.21668,0.72273,1.11274,0.81071,0.70721,0.72906,0.40764,1.34273,0.91396,1.30554,0.00140071,0.00140071,0.00140071
12,124.919,1.18328,0.69408,1.1073,0.79589,0.76573,0.7858,0.42157,1.21552,0.84619,1.2184,0.00139788,0.00139788,0.00139788
13,136.791,1.16393,0.63398,1.0897,0.76492,0.75691,0.77371,0.43095,1.15522,0.83427,1.18343,0.00139505,0.00139505,0.00139505
14,146.047,1.11033,0.60921,1.05396,0.77687,0.75793,0.75817,0.46203,1.15121,0.72995,1.20281,0.00139222,0.00139222,0.00139222
15,154.969,1.12937,0.61811,1.07388,0.81327,0.76081,0.78761,0.4571,1.21214,0.74036,1.22716,0.00138939,0.00138939,0.00138939
16,163.929,1.14618,0.63038,1.08668,0.80244,0.73968,0.74967,0.43913,1.23412,0.66518,1.22627,0.00138656,0.00138656,0.00138656
17,172.395,1.16278,0.63489,1.08062,0.8641,0.75921,0.77351,0.42031,1.21011,0.73962,1.16806,0.00138373,0.00138373,0.00138373
18,181.056,1.12941,0.63653,1.07489,0.81286,0.72456,0.73147,0.40016,1.19247,0.68866,1.17235,0.0013809,0.0013809,0.0013809
19,189.481,1.116,0.61633,1.05858,0.82554,0.74225,0.76571,0.44279,1.21681,0.63959,1.24,0.00137807,0.00137807,0.00137807
20,198.323,1.1005,0.59219,1.0758,0.8672,0.72784,0.77414,0.46768,1.20068,0.67494,1.19439,0.00137524,0.00137524,0.00137524
21,207.098,1.13292,0.61536,1.08395,0.88035,0.76268,0.78838,0.50739,1.15392,0.63121,1.19991,0.00137241,0.00137241,0.00137241
22,216.431,1.0632,0.57596,1.05338,0.87134,0.75817,0.79724,0.46331,1.19549,0.64921,1.20542,0.00136958,0.00136958,0.00136958
23,224.737,1.03996,0.56267,1.03805,0.80095,0.84068,0.81283,0.48968,1.19467,0.61915,1.18796,0.00136675,0.00136675,0.00136675
24,233.886,1.03521,0.56338,1.03331,0.74238,0.76145,0.75771,0.4756,1.15764,0.65764,1.17967,0.00136392,0.00136392,0.00136392
25,242.198,1.05758,0.56112,1.03466,0.80511,0.72073,0.75814,0.41758,1.2635,0.63359,1.21865,0.00136109,0.00136109,0.00136109
26,251.294,1.0397,0.55175,1.03328,0.78138,0.75485,0.74097,0.4559,1.20045,0.62702,1.19419,0.00135826,0.00135826,0.00135826
27,259.403,1.05764,0.55564,1.04456,0.86869,0.77455,0.78378,0.48334,1.15565,0.59196,1.17529,0.00135544,0.00135544,0.00135544
28,268.644,1.04046,0.54879,1.03564,0.8229,0.70173,0.74977,0.45191,1.18403,0.61504,1.17812,0.00135261,0.00135261,0.00135261
29,276.687,1.04268,0.56264,1.04057,0.84641,0.71358,0.74589,0.42772,1.18543,0.59,1.20562,0.00134978,0.00134978,0.00134978
30,285.779,0.99587,0.54263,1.01776,0.84601,0.71638,0.74205,0.43922,1.21312,0.57072,1.21972,0.00134695,0.00134695,0.00134695
31,293.668,0.9858,0.51997,1.01497,0.7967,0.79512,0.75032,0.45355,1.18513,0.57422,1.22069,0.00134412,0.00134412,0.00134412
32,302.983,1.0286,0.53387,1.03666,0.80495,0.79184,0.76886,0.50875,1.11322,0.56279,1.16713,0.00134129,0.00134129,0.00134129
33,310.98,0.96976,0.50941,1.01054,0.80075,0.77429,0.80276,0.48354,1.16449,0.56919,1.20896,0.00133846,0.00133846,0.00133846
34,320.431,1.01063,0.53463,1.02662,0.81018,0.74645,0.7418,0.46206,1.1627,0.58858,1.20832,0.00133563,0.00133563,0.00133563
35,328.753,0.98543,0.51397,1.01113,0.84533,0.73251,0.76904,0.48143,1.14828,0.56299,1.18529,0.0013328,0.0013328,0.0013328
36,337.933,0.98763,0.5188,1.00124,0.81652,0.80658,0.79545,0.49448,1.12114,0.57623,1.16285,0.00132997,0.00132997,0.00132997
37,346.331,0.96803,0.51729,1.00757,0.91409,0.75073,0.77591,0.47296,1.16236,0.56866,1.17401,0.00132714,0.00132714,0.00132714
38,355.216,0.96089,0.52228,1.00643,0.91594,0.78072,0.78785,0.46137,1.19498,0.56009,1.19348,0.00132431,0.00132431,0.00132431
39,363.617,1.01154,0.53704,1.01669,0.86986,0.75138,0.76338,0.43584,1.22396,0.6064,1.21504,0.00132148,0.00132148,0.00132148
40,372.755,1.01405,0.53488,1.02992,0.84371,0.72427,0.77591,0.44094,1.22256,0.58646,1.22147,0.00131865,0.00131865,0.00131865
41,381.176,0.97953,0.52719,1.01708,0.82633,0.73196,0.77159,0.47121,1.14533,0.59135,1.18875,0.00131582,0.00131582,0.00131582
42,389.865,0.94901,0.50406,1.0007,0.84689,0.76127,0.76907,0.49671,1.12665,0.53579,1.18095,0.00131299,0.00131299,0.00131299
43,398.355,0.92292,0.49577,0.98924,0.92315,0.78434,0.81551,0.48693,1.17885,0.56281,1.2351,0.00131016,0.00131016,0.00131016
44,408.06,0.92367,0.4915,0.98702,0.91885,0.78133,0.78495,0.51038,1.19167,0.56319,1.24618,0.00130733,0.00130733,0.00130733
45,418.555,0.94123,0.49118,0.99868,0.86849,0.78986,0.78526,0.45734,1.18215,0.5688,1.2188,0.00130451,0.00130451,0.00130451
46,427.418,0.9299,0.5089,0.98192,0.90009,0.78483,0.79813,0.49699,1.13961,0.55255,1.19807,0.00130168,0.00130168,0.00130168
47,435.689,0.93822,0.49452,0.97706,0.8536,0.78499,0.78283,0.47262,1.17071,0.54255,1.1973,0.00129885,0.00129885,0.00129885
48,444.781,0.93151,0.48934,0.98972,0.85439,0.79333,0.77679,0.46881,1.14727,0.52717,1.15015,0.00129602,0.00129602,0.00129602
49,453.342,0.91639,0.48976,0.99067,0.87344,0.76603,0.78212,0.45884,1.17895,0.54465,1.17896,0.00129319,0.00129319,0.00129319
50,462.329,0.90712,0.48453,0.98015,0.83429,0.79306,0.78777,0.46611,1.22524,0.5698,1.23798,0.00129036,0.00129036,0.00129036
51,470.772,0.90981,0.4841,0.99764,0.93981,0.78277,0.82164,0.50202,1.23807,0.55281,1.26076,0.00128753,0.00128753,0.00128753
52,479.753,0.92782,0.48125,0.9766,0.87761,0.80453,0.81625,0.5003,1.23535,0.58226,1.26743,0.0012847,0.0012847,0.0012847
53,488.241,0.92865,0.49686,1.00125,0.81178,0.80864,0.78371,0.49907,1.20511,0.56038,1.24383,0.00128187,0.00128187,0.00128187
54,497.032,0.90545,0.48375,0.98543,0.92547,0.80041,0.82404,0.49513,1.13876,0.58706,1.19633,0.00127904,0.00127904,0.00127904
55,505.644,0.90444,0.47197,0.97509,0.86654,0.77248,0.78192,0.47909,1.18483,0.59154,1.22655,0.00127621,0.00127621,0.00127621
56,514.943,0.90044,0.4733,0.9708,0.80433,0.77866,0.76807,0.47617,1.22878,0.55137,1.25461,0.00127338,0.00127338,0.00127338
57,523.249,0.88845,0.47288,0.9732,0.8212,0.76952,0.78184,0.47715,1.19966,0.52968,1.26049,0.00127055,0.00127055,0.00127055
58,532.113,0.88848,0.47704,0.97812,0.91938,0.78284,0.79336,0.48328,1.24009,0.53252,1.27627,0.00126772,0.00126772,0.00126772
59,540.729,0.83439,0.45826,0.96969,0.89986,0.75879,0.78721,0.44801,1.25102,0.55732,1.29452,0.00126489,0.00126489,0.00126489
60,549.516,0.87505,0.47682,0.98388,0.87657,0.79306,0.79475,0.46326,1.1656,0.55078,1.20175,0.00126206,0.00126206,0.00126206
61,557.904,0.87571,0.46889,0.97072,0.91677,0.78689,0.7923,0.49418,1.11979,0.53687,1.18452,0.00125923,0.00125923,0.00125923
62,566.572,0.88537,0.46603,0.97683,0.89823,0.76308,0.78343,0.44432,1.18052,0.57571,1.20264,0.00125641,0.00125641,0.00125641
63,575.093,0.87446,0.46186,0.96501,0.87466,0.7677,0.77442,0.46176,1.13086,0.53937,1.18799,0.00125358,0.00125358,0.00125358
64,584.219,0.85802,0.45563,0.95218,0.95467,0.78581,0.81737,0.50507,1.09864,0.51032,1.18597,0.00125075,0.00125075,0.00125075
65,592.721,0.85405,0.44448,0.95151,0.95352,0.78352,0.81765,0.52123,1.15375,0.52656,1.23755,0.00124792,0.00124792,0.00124792
66,602.235,0.82326,0.4428,0.9602,0.92973,0.75798,0.79084,0.47433,1.15925,0.52713,1.21516,0.00124509,0.00124509,0.00124509
67,610.427,0.84642,0.45157,0.96406,0.83166,0.79303,0.7924,0.49783,1.13819,0.53444,1.18873,0.00124226,0.00124226,0.00124226
68,619.237,0.84577,0.46124,0.94443,0.92792,0.82603,0.84759,0.50936,1.18806,0.55587,1.2129,0.00123943,0.00123943,0.00123943
69,627.867,0.8511,0.45196,0.94368,0.7961,0.81081,0.78301,0.46438,1.1574,0.54355,1.20572,0.0012366,0.0012366,0.0012366
70,636.79,0.79681,0.44166,0.94331,0.90483,0.81629,0.81932,0.51648,1.15195,0.49928,1.21883,0.00123377,0.00123377,0.00123377
71,645.376,0.81516,0.43815,0.94335,0.93103,0.8403,0.84409,0.47816,1.17031,0.52297,1.2234,0.00123094,0.00123094,0.00123094
72,654.624,0.78917,0.42462,0.95012,0.95325,0.82922,0.8515,0.49805,1.21747,0.55265,1.2959,0.00122811,0.00122811,0.00122811
73,663.245,0.7907,0.43693,0.93712,0.927,0.81276,0.81906,0.49671,1.19471,0.49044,1.26192,0.00122528,0.00122528,0.00122528
74,672.347,0.81241,0.45199,0.94877,0.89606,0.83859,0.85141,0.49726,1.18621,0.51025,1.27615,0.00122245,0.00122245,0.00122245
75,682.326,0.80764,0.43968,0.94516,0.87646,0.8158,0.81671,0.47631,1.20598,0.54989,1.24171,0.00121962,0.00121962,0.00121962
76,691.492,0.79594,0.4309,0.94711,0.89124,0.80689,0.81225,0.51527,1.09843,0.5345,1.19284,0.00121679,0.00121679,0.00121679
77,700.038,0.82316,0.43992,0.94538,0.81783,0.75918,0.76743,0.46942,1.19806,0.5487,1.23707,0.00121396,0.00121396,0.00121396
78,708.79,0.85506,0.44466,0.96678,0.90102,0.81111,0.81167,0.52001,1.14543,0.5445,1.26068,0.00121113,0.00121113,0.00121113
79,717.408,0.81648,0.436,0.94371,0.81933,0.77984,0.78708,0.52956,1.12065,0.52178,1.19281,0.00120831,0.00120831,0.00120831
80,726.845,0.8111,0.42779,0.93082,0.82226,0.79924,0.77111,0.46671,1.17866,0.51956,1.20455,0.00120548,0.00120548,0.00120548
81,735.154,0.78626,0.42164,0.93382,0.839,0.79924,0.77527,0.50885,1.11915,0.48345,1.19097,0.00120265,0.00120265,0.00120265
82,744.237,0.77899,0.41885,0.92811,0.8768,0.7696,0.78409,0.51668,1.11925,0.47915,1.20899,0.00119982,0.00119982,0.00119982
83,752.916,0.75386,0.41039,0.92778,0.87517,0.79564,0.79953,0.50491,1.12992,0.48445,1.21283,0.00119699,0.00119699,0.00119699
84,761.741,0.76426,0.40169,0.92282,0.89136,0.79081,0.80055,0.50968,1.10197,0.51448,1.17679,0.00119416,0.00119416,0.00119416
85,770.201,0.76964,0.41028,0.93099,0.83291,0.79885,0.79118,0.48619,1.11054,0.51218,1.17964,0.00119133,0.00119133,0.00119133
86,778.851,0.74467,0.39594,0.92388,0.89172,0.78277,0.80602,0.505,1.16803,0.51701,1.22129,0.0011885,0.0011885,0.0011885
87,787.284,0.75953,0.41198,0.91856,0.81264,0.79306,0.78638,0.48878,1.18829,0.51679,1.24597,0.00118567,0.00118567,0.00118567
88,796.054,0.75845,0.40326,0.91396,0.92052,0.84068,0.85609,0.50318,1.18939,0.54144,1.29077,0.00118284,0.00118284,0.00118284
89,804.607,0.74425,0.40488,0.92805,0.92393,0.82446,0.85135,0.50135,1.16404,0.53074,1.25504,0.00118001,0.00118001,0.00118001
90,813.335,0.75659,0.40722,0.93031,0.85549,0.79679,0.78703,0.47109,1.15161,0.52534,1.19995,0.00117718,0.00117718,0.00117718
91,821.972,0.75368,0.40753,0.92431,0.89665,0.78483,0.79485,0.47023,1.16905,0.52022,1.21954,0.00117435,0.00117435,0.00117435
92,830.425,0.78021,0.41272,0.92883,0.92224,0.76557,0.80212,0.47757,1.12652,0.52284,1.21743,0.00117152,0.00117152,0.00117152
93,839.141,0.74492,0.39922,0.91202,0.9388,0.83068,0.86163,0.53404,1.13221,0.47606,1.22355,0.00116869,0.00116869,0.00116869
94,847.933,0.73754,0.41128,0.92445,0.881,0.77866,0.79358,0.45445,1.15504,0.50456,1.2039,0.00116586,0.00116586,0.00116586
95,856.651,0.73739,0.38955,0.91232,0.92982,0.77799,0.80556,0.53799,1.08821,0.49598,1.18543,0.00116303,0.00116303,0.00116303
96,865.315,0.7501,0.41118,0.91645,0.85255,0.80864,0.80735,0.48875,1.1298,0.51341,1.21522,0.00116021,0.00116021,0.00116021
97,873.951,0.71721,0.38894,0.9137,0.95519,0.78996,0.81892,0.5382,1.13409,0.53112,1.2409,0.00115738,0.00115738,0.00115738
98,882.659,0.70013,0.37877,0.90485,0.83531,0.8089,0.82724,0.48562,1.14019,0.51125,1.24513,0.00115455,0.00115455,0.00115455
99,891.413,0.72898,0.39072,0.91695,0.93129,0.83245,0.85388,0.50587,1.17345,0.52394,1.21476,0.00115172,0.00115172,0.00115172
100,899.921,0.73989,0.39618,0.91199,0.85377,0.78895,0.80144,0.48636,1.1419,0.51896,1.18806,0.00114889,0.00114889,0.00114889
101,908.636,0.7096,0.38545,0.90812,0.97471,0.80767,0.84201,0.51617,1.13644,0.50881,1.21766,0.00114606,0.00114606,0.00114606
102,917.284,0.68507,0.37624,0.90514,0.9091,0.764,0.8262,0.50912,1.1384,0.50208,1.23869,0.00114323,0.00114323,0.00114323
103,926.208,0.71526,0.38967,0.90719,0.93847,0.82835,0.86765,0.51678,1.14684,0.49506,1.23928,0.0011404,0.0011404,0.0011404
104,934.739,0.71245,0.38218,0.90548,0.92865,0.80968,0.8452,0.4974,1.14283,0.54281,1.2212,0.00113757,0.00113757,0.00113757
105,943.371,0.72416,0.39403,0.917,0.92694,0.81687,0.8487,0.50407,1.10306,0.53398,1.20912,0.00113474,0.00113474,0.00113474
106,952.375,0.71555,0.39009,0.90309,0.90221,0.80339,0.82767,0.49888,1.15061,0.51703,1.21764,0.00113191,0.00113191,0.00113191
107,962.348,0.69001,0.37761,0.90471,0.8775,0.80112,0.80749,0.51966,1.13334,0.49973,1.21987,0.00112908,0.00112908,0.00112908
108,970.304,0.69337,0.38487,0.90477,0.87115,0.79356,0.81743,0.50334,1.1626,0.52661,1.21551,0.00112625,0.00112625,0.00112625
109,979.651,0.69683,0.38503,0.90396,0.87448,0.84218,0.80191,0.51993,1.12455,0.51779,1.18232,0.00112342,0.00112342,0.00112342
110,987.531,0.7187,0.38658,0.91472,0.85238,0.82305,0.81475,0.48847,1.17735,0.50178,1.23796,0.00112059,0.00112059,0.00112059
111,996.928,0.6963,0.38161,0.89875,0.86544,0.79049,0.7972,0.49661,1.15021,0.50536,1.24015,0.00111776,0.00111776,0.00111776
112,1005.34,0.70553,0.38802,0.90616,0.93739,0.81321,0.8415,0.53009,1.15025,0.51115,1.24819,0.00111493,0.00111493,0.00111493
113,1014.42,0.69309,0.37583,0.90092,0.88612,0.79402,0.78998,0.49978,1.16189,0.50074,1.25431,0.0011121,0.0011121,0.0011121
114,1023.03,0.69591,0.38022,0.90269,0.90312,0.79497,0.80543,0.49688,1.15993,0.51599,1.22809,0.00110928,0.00110928,0.00110928
115,1032.09,0.7144,0.38357,0.91733,0.91253,0.85842,0.86032,0.51641,1.14349,0.49857,1.22393,0.00110645,0.00110645,0.00110645
116,1040.82,0.70063,0.3797,0.89496,0.90187,0.81708,0.81383,0.48048,1.12842,0.50057,1.18896,0.00110362,0.00110362,0.00110362
117,1049.54,0.67413,0.37236,0.90014,0.89543,0.80376,0.81059,0.49421,1.1278,0.48518,1.20378,0.00110079,0.00110079,0.00110079
118,1058.58,0.65664,0.36044,0.89023,0.87095,0.83336,0.8227,0.49348,1.15752,0.49364,1.2516,0.00109796,0.00109796,0.00109796
119,1067.05,0.66746,0.36809,0.89177,0.84221,0.79369,0.80857,0.50588,1.14038,0.49948,1.26154,0.00109513,0.00109513,0.00109513
120,1075.98,0.69382,0.38316,0.90485,0.88253,0.80772,0.8202,0.47917,1.12334,0.48987,1.24658,0.0010923,0.0010923,0.0010923
121,1084.43,0.67785,0.37548,0.89221,0.91415,0.81348,0.82818,0.49638,1.1167,0.49831,1.23429,0.00108947,0.00108947,0.00108947
122,1093.21,0.65431,0.36575,0.90131,0.88006,0.7914,0.80458,0.48414,1.1261,0.51735,1.2211,0.00108664,0.00108664,0.00108664
123,1101.99,0.68927,0.38186,0.90063,0.95774,0.77131,0.79074,0.47229,1.12964,0.53377,1.22678,0.00108381,0.00108381,0.00108381
124,1110.69,0.67246,0.36369,0.89455,0.9171,0.78895,0.82202,0.48869,1.13049,0.52749,1.2247,0.00108098,0.00108098,0.00108098
125,1119.38,0.68072,0.36508,0.89542,0.837,0.79512,0.78392,0.50362,1.1248,0.51143,1.22317,0.00107815,0.00107815,0.00107815
126,1127.9,0.67081,0.3644,0.89753,0.85158,0.76925,0.78416,0.49646,1.12657,0.49609,1.26383,0.00107532,0.00107532,0.00107532
127,1136.58,0.66731,0.36499,0.89221,0.83747,0.79512,0.77896,0.48177,1.13853,0.49144,1.24688,0.00107249,0.00107249,0.00107249
128,1145.42,0.67632,0.36479,0.89395,0.88629,0.79101,0.7894,0.50485,1.108,0.49049,1.22792,0.00106966,0.00106966,0.00106966
129,1153.94,0.61885,0.33867,0.88354,0.9206,0.79708,0.78962,0.47304,1.15667,0.49281,1.24676,0.00106683,0.00106683,0.00106683
130,1162.99,0.64206,0.35009,0.88622,0.98227,0.79889,0.82163,0.49656,1.14703,0.48511,1.23553,0.001064,0.001064,0.001064
131,1171.27,0.65648,0.36093,0.88739,0.92422,0.84036,0.85188,0.51371,1.14963,0.48459,1.26059,0.00106118,0.00106118,0.00106118
132,1180.3,0.61303,0.34608,0.87368,0.89961,0.86264,0.87001,0.52283,1.15117,0.48744,1.23688,0.00105835,0.00105835,0.00105835
133,1188.55,0.61742,0.33897,0.87554,0.9669,0.80882,0.84559,0.51937,1.16841,0.48024,1.25951,0.00105552,0.00105552,0.00105552
134,1197.65,0.64597,0.35168,0.88148,0.84534,0.84747,0.8189,0.50948,1.14057,0.49394,1.27024,0.00105269,0.00105269,0.00105269
135,1205.72,0.65003,0.35951,0.88648,0.917,0.86647,0.86196,0.53886,1.12221,0.47256,1.2492,0.00104986,0.00104986,0.00104986
136,1215.49,0.63866,0.35181,0.88028,0.94192,0.8509,0.86443,0.50399,1.17223,0.48015,1.25327,0.00104703,0.00104703,0.00104703
137,1223.81,0.63126,0.35184,0.88767,0.9264,0.85669,0.8664,0.5158,1.15969,0.47882,1.25413,0.0010442,0.0010442,0.0010442
138,1234.26,0.6236,0.34985,0.89322,0.96201,0.81623,0.84946,0.50702,1.13552,0.47211,1.24514,0.00104137,0.00104137,0.00104137
139,1242.74,0.64471,0.35142,0.88061,0.92813,0.84274,0.85334,0.5444,1.15659,0.49275,1.26625,0.00103854,0.00103854,0.00103854
140,1252.59,0.62636,0.34523,0.87178,0.93795,0.86458,0.87698,0.5285,1.13934,0.48242,1.23138,0.00103571,0.00103571,0.00103571
141,1260.9,0.6398,0.34692,0.87627,0.84323,0.81506,0.80976,0.51101,1.14493,0.48843,1.22142,0.00103288,0.00103288,0.00103288
142,1269.93,0.6079,0.33515,0.87688,0.89673,0.81276,0.80878,0.50846,1.12817,0.49903,1.2275,0.00103005,0.00103005,0.00103005
143,1278.39,0.61339,0.3368,0.88128,0.9376,0.83657,0.8444,0.52163,1.14329,0.49577,1.25772,0.00102722,0.00102722,0.00102722
144,1287.37,0.58808,0.32843,0.86609,0.90792,0.84274,0.82422,0.52276,1.13624,0.49247,1.26946,0.00102439,0.00102439,0.00102439
145,1295.94,0.5836,0.32734,0.86261,0.86357,0.80968,0.80672,0.51334,1.13108,0.49225,1.27971,0.00102156,0.00102156,0.00102156
146,1304.87,0.61873,0.33964,0.88117,0.88687,0.84182,0.846,0.54868,1.10638,0.47951,1.25561,0.00101873,0.00101873,0.00101873
147,1313.7,0.60861,0.33783,0.86671,0.84955,0.82099,0.81231,0.52682,1.154,0.48575,1.28353,0.0010159,0.0010159,0.0010159
148,1322.74,0.61017,0.33766,0.87323,0.87375,0.7827,0.79267,0.50469,1.16504,0.47563,1.27193,0.00101308,0.00101308,0.00101308
149,1331.39,0.5908,0.33249,0.87339,0.92329,0.81779,0.84547,0.5208,1.1526,0.48564,1.26041,0.00101025,0.00101025,0.00101025
150,1340.34,0.59576,0.32696,0.86469,0.92762,0.80066,0.82137,0.51859,1.14883,0.50014,1.25043,0.00100742,0.00100742,0.00100742
151,1348.92,0.59069,0.33651,0.86931,0.91583,0.80104,0.81776,0.5228,1.11643,0.49661,1.23722,0.00100459,0.00100459,0.00100459
152,1357.75,0.59333,0.33389,0.87352,0.88613,0.81893,0.81704,0.52723,1.10695,0.47804,1.23487,0.00100176,0.00100176,0.00100176
153,1366.32,0.58413,0.32907,0.87152,0.89852,0.8448,0.8398,0.49695,1.16382,0.48761,1.26418,0.000998928,0.000998928,0.000998928
154,1375.12,0.58918,0.33694,0.87257,0.90373,0.80663,0.82316,0.5307,1.14509,0.48618,1.23343,0.000996099,0.000996099,0.000996099
155,1383.59,0.60477,0.33789,0.87438,0.88652,0.81267,0.82003,0.52115,1.14762,0.47539,1.26449,0.000993269,0.000993269,0.000993269
156,1392.47,0.59359,0.33373,0.87192,0.87929,0.81119,0.81755,0.50326,1.172,0.48585,1.28032,0.00099044,0.00099044,0.00099044
157,1401.07,0.57649,0.32301,0.8653,0.93171,0.77071,0.82075,0.51488,1.1723,0.48494,1.28022,0.00098761,0.00098761,0.00098761
158,1409.82,0.57983,0.32723,0.86412,0.85898,0.80872,0.8058,0.49315,1.15658,0.49312,1.25599,0.000984781,0.000984781,0.000984781
159,1418.36,0.57733,0.32787,0.86383,0.87503,0.8114,0.80571,0.51159,1.16189,0.48966,1.25148,0.000981952,0.000981952,0.000981952
160,1426.82,0.58483,0.32481,0.86673,0.86802,0.84201,0.82903,0.52788,1.15086,0.51275,1.27468,0.000979122,0.000979122,0.000979122
161,1435.52,0.57837,0.32619,0.87056,0.90046,0.81803,0.80933,0.51669,1.14397,0.50816,1.27633,0.000976293,0.000976293,0.000976293
162,1443.83,0.57025,0.32585,0.86369,0.90373,0.81687,0.82265,0.52081,1.13566,0.49785,1.28135,0.000973463,0.000973463,0.000973463
163,1452.8,0.55701,0.32232,0.86206,0.95213,0.78814,0.82791,0.53454,1.1308,0.48358,1.29266,0.000970634,0.000970634,0.000970634
164,1461.33,0.58383,0.33283,0.87111,0.96057,0.78618,0.82786,0.51523,1.1692,0.48197,1.30558,0.000967805,0.000967805,0.000967805
165,1470.21,0.58647,0.32943,0.86614,0.86392,0.81481,0.82005,0.52055,1.1638,0.48113,1.27444,0.000964975,0.000964975,0.000964975
166,1478.7,0.56792,0.32244,0.86515,0.89681,0.81481,0.80853,0.48309,1.17888,0.47267,1.2921,0.000962146,0.000962146,0.000962146
167,1487.68,0.5676,0.32128,0.86777,0.90823,0.81106,0.81147,0.50144,1.1735,0.47899,1.31515,0.000959316,0.000959316,0.000959316
168,1496.11,0.56878,0.31911,0.86277,0.9024,0.81676,0.81983,0.51337,1.16646,0.482,1.31471,0.000956487,0.000956487,0.000956487
169,1506.14,0.56275,0.3192,0.8694,0.85412,0.84685,0.83612,0.51824,1.15681,0.48972,1.28537,0.000953657,0.000953657,0.000953657
170,1515.03,0.57799,0.32273,0.86401,0.89549,0.84068,0.82346,0.51114,1.15695,0.48917,1.25132,0.000950828,0.000950828,0.000950828
171,1524,0.55363,0.31987,0.85963,0.90312,0.83451,0.81881,0.51858,1.15104,0.49717,1.25917,0.000947999,0.000947999,0.000947999
172,1532.23,0.56621,0.32334,0.87295,0.89683,0.86436,0.86026,0.51133,1.16783,0.51107,1.28125,0.000945169,0.000945169,0.000945169
173,1541.46,0.56882,0.32327,0.85998,0.85298,0.81881,0.79889,0.49567,1.17747,0.50807,1.28108,0.00094234,0.00094234,0.00094234
174,1549.47,0.55803,0.3147,0.86482,0.92555,0.86612,0.87367,0.54774,1.14096,0.49272,1.26726,0.00093951,0.00093951,0.00093951
175,1559.26,0.5532,0.31083,0.8556,0.89393,0.84297,0.84124,0.50814,1.16356,0.50176,1.28521,0.000936681,0.000936681,0.000936681
176,1567.43,0.55003,0.31546,0.86252,0.90229,0.81481,0.82162,0.51338,1.11192,0.49127,1.24103,0.000933851,0.000933851,0.000933851
177,1576.78,0.53735,0.31199,0.85304,0.90556,0.80864,0.81459,0.50656,1.12518,0.47736,1.25164,0.000931022,0.000931022,0.000931022
178,1584.76,0.54714,0.31544,0.85388,0.92042,0.78501,0.82273,0.52893,1.12627,0.46689,1.25358,0.000928193,0.000928193,0.000928193
179,1594.04,0.53557,0.31551,0.85763,0.89347,0.82071,0.80635,0.49666,1.14121,0.47707,1.29037,0.000925363,0.000925363,0.000925363
180,1602.05,0.54332,0.31825,0.85643,0.88424,0.82075,0.80097,0.49201,1.15453,0.48788,1.28901,0.000922534,0.000922534,0.000922534
181,1611.14,0.5338,0.31365,0.85851,0.87386,0.76218,0.76655,0.46403,1.1822,0.48561,1.31202,0.000919704,0.000919704,0.000919704
182,1619.14,0.56562,0.32586,0.86364,0.86876,0.78899,0.78329,0.47549,1.17547,0.48334,1.29023,0.000916875,0.000916875,0.000916875
183,1628.51,0.54586,0.31596,0.85347,0.91366,0.83787,0.85211,0.50789,1.16495,0.47209,1.28613,0.000914046,0.000914046,0.000914046
184,1636.74,0.54674,0.31666,0.86429,0.86222,0.79038,0.78612,0.50472,1.13346,0.46545,1.25782,0.000911216,0.000911216,0.000911216
185,1645.75,0.56599,0.32117,0.85699,0.8615,0.84274,0.82182,0.51743,1.14044,0.48223,1.24041,0.000908387,0.000908387,0.000908387
186,1654.22,0.54449,0.31206,0.85802,0.83279,0.8107,0.78437,0.49181,1.16884,0.48526,1.27106,0.000905557,0.000905557,0.000905557
187,1663.22,0.53715,0.318,0.86067,0.84519,0.78287,0.78369,0.50381,1.198,0.50341,1.27451,0.000902728,0.000902728,0.000902728
188,1672,0.55767,0.32025,0.85466,0.82886,0.7779,0.77948,0.50003,1.17264,0.50897,1.25859,0.000899898,0.000899898,0.000899898
189,1680.84,0.55756,0.32017,0.86021,0.82232,0.76581,0.77866,0.49367,1.14681,0.51445,1.24116,0.000897069,0.000897069,0.000897069
190,1689.53,0.55305,0.3111,0.85912,0.90445,0.7945,0.81984,0.50323,1.17726,0.52395,1.28638,0.00089424,0.00089424,0.00089424
191,1698.03,0.55062,0.31456,0.84886,0.82549,0.81579,0.7924,0.48293,1.17216,0.50136,1.27567,0.00089141,0.00089141,0.00089141
192,1706.95,0.52264,0.29978,0.85092,0.83883,0.81956,0.80734,0.49858,1.1655,0.51751,1.27311,0.000888581,0.000888581,0.000888581
193,1715.24,0.52534,0.3006,0.84385,0.86187,0.81893,0.80869,0.52182,1.17181,0.50697,1.32322,0.000885751,0.000885751,0.000885751
194,1724.2,0.53311,0.30431,0.8495,0.86861,0.81767,0.81103,0.49355,1.16427,0.50026,1.32263,0.000882922,0.000882922,0.000882922
195,1732.82,0.54355,0.31085,0.86364,0.86081,0.81481,0.8118,0.50665,1.14724,0.49349,1.30975,0.000880093,0.000880093,0.000880093
196,1741.8,0.54118,0.31089,0.86454,0.85037,0.79739,0.81718,0.51006,1.14244,0.50146,1.27458,0.000877263,0.000877263,0.000877263
197,1750.03,0.53065,0.30061,0.85252,0.86772,0.81996,0.81791,0.51597,1.16049,0.50103,1.28045,0.000874434,0.000874434,0.000874434
198,1759.44,0.51035,0.29509,0.85049,0.90296,0.83865,0.85025,0.53701,1.15402,0.50042,1.29006,0.000871604,0.000871604,0.000871604
199,1767.67,0.51945,0.29868,0.85715,0.87129,0.81687,0.8275,0.50642,1.15684,0.50543,1.25717,0.000868775,0.000868775,0.000868775
200,1777.25,0.50933,0.29428,0.84851,0.86416,0.80722,0.82408,0.51829,1.1724,0.51326,1.27411,0.000865945,0.000865945,0.000865945
201,1787.18,0.51561,0.2993,0.85356,0.86839,0.83614,0.82527,0.50431,1.16667,0.50253,1.27443,0.000863116,0.000863116,0.000863116
202,1796.8,0.49898,0.28968,0.84631,0.8692,0.84087,0.83796,0.52906,1.15461,0.49385,1.28517,0.000860287,0.000860287,0.000860287
203,1805.15,0.50276,0.29614,0.84525,0.90693,0.83569,0.84224,0.52837,1.14862,0.48334,1.28738,0.000857457,0.000857457,0.000857457
204,1814.63,0.51987,0.30586,0.85547,0.87167,0.80248,0.82479,0.531,1.15608,0.48175,1.28287,0.000854628,0.000854628,0.000854628
205,1822.89,0.52704,0.30392,0.85814,0.89764,0.81901,0.82723,0.50336,1.18989,0.5051,1.33797,0.000851798,0.000851798,0.000851798
206,1832.33,0.54019,0.30964,0.85496,0.90281,0.81984,0.82342,0.51463,1.18382,0.48267,1.3196,0.000848969,0.000848969,0.000848969
207,1840.47,0.51959,0.30101,0.84918,0.89591,0.81383,0.82245,0.50926,1.17589,0.49132,1.30145,0.000846139,0.000846139,0.000846139
208,1850.05,0.51506,0.29641,0.84753,0.86203,0.82099,0.81748,0.51171,1.17967,0.4858,1.31479,0.00084331,0.00084331,0.00084331
209,1857.92,0.51315,0.29657,0.84907,0.83419,0.82385,0.81514,0.53047,1.15911,0.49202,1.32075,0.000840481,0.000840481,0.000840481
210,1867.25,0.52374,0.29744,0.84868,0.8266,0.79101,0.81259,0.48822,1.17272,0.50711,1.29293,0.000837651,0.000837651,0.000837651
211,1875.16,0.52448,0.30324,0.84267,0.85389,0.79074,0.80872,0.51666,1.15095,0.50295,1.29469,0.000834822,0.000834822,0.000834822
212,1884.7,0.51256,0.29113,0.84713,0.88692,0.79364,0.80886,0.50644,1.16601,0.49591,1.30142,0.000831992,0.000831992,0.000831992
213,1892.67,0.51921,0.29997,0.8587,0.83146,0.82922,0.80692,0.51451,1.15795,0.48153,1.30022,0.000829163,0.000829163,0.000829163
214,1901.6,0.49566,0.2891,0.84433,0.89494,0.79924,0.80263,0.50897,1.13746,0.48138,1.26523,0.000826334,0.000826334,0.000826334
215,1910.22,0.49863,0.28957,0.84313,0.88861,0.81996,0.80746,0.52551,1.11634,0.48567,1.23971,0.000823504,0.000823504,0.000823504
216,1919.37,0.51396,0.29706,0.85043,0.84668,0.81384,0.81075,0.53095,1.1168,0.46311,1.25064,0.000820675,0.000820675,0.000820675
217,1927.8,0.48783,0.2834,0.83735,0.84892,0.81124,0.80905,0.53927,1.12549,0.47405,1.27701,0.000817845,0.000817845,0.000817845
218,1937.06,0.50383,0.28878,0.84733,0.87178,0.81893,0.81262,0.53524,1.12429,0.47431,1.26908,0.000815016,0.000815016,0.000815016
219,1945.64,0.48237,0.27968,0.84607,0.90115,0.81755,0.79904,0.53386,1.12947,0.48068,1.28631,0.000812186,0.000812186,0.000812186
220,1954.61,0.48665,0.28535,0.83715,0.86685,0.81782,0.79727,0.51642,1.16817,0.49877,1.32078,0.000809357,0.000809357,0.000809357
221,1963.11,0.47565,0.27676,0.84182,0.88698,0.78567,0.80707,0.51545,1.15199,0.49092,1.30564,0.000806528,0.000806528,0.000806528
222,1972.07,0.48972,0.28404,0.84214,0.89265,0.81254,0.80887,0.50585,1.15728,0.48899,1.29872,0.000803698,0.000803698,0.000803698
223,1980.76,0.50017,0.29614,0.84411,0.88762,0.78483,0.82013,0.52667,1.15025,0.49262,1.29294,0.000800869,0.000800869,0.000800869
224,1989.62,0.49547,0.28691,0.84296,0.88934,0.79037,0.79907,0.50511,1.17883,0.50291,1.3134,0.000798039,0.000798039,0.000798039
225,1998.34,0.49502,0.28676,0.84168,0.8784,0.79101,0.81142,0.52957,1.17321,0.49183,1.2993,0.00079521,0.00079521,0.00079521
226,2006.88,0.4888,0.28689,0.84072,0.83751,0.82305,0.81729,0.51691,1.18716,0.49148,1.28927,0.00079238,0.00079238,0.00079238
227,2015.76,0.47496,0.28057,0.83655,0.9023,0.81018,0.81892,0.5208,1.17092,0.50015,1.28688,0.000789551,0.000789551,0.000789551
228,2024.38,0.46093,0.27946,0.83522,0.89369,0.79598,0.79267,0.50547,1.15149,0.48116,1.28533,0.000786722,0.000786722,0.000786722
229,2033.38,0.46703,0.28255,0.83885,0.93312,0.79075,0.8224,0.51057,1.15803,0.48293,1.28579,0.000783892,0.000783892,0.000783892
230,2041.87,0.48668,0.29015,0.84286,0.88167,0.75851,0.79502,0.49759,1.14942,0.47816,1.27324,0.000781063,0.000781063,0.000781063
231,2050.99,0.48953,0.28973,0.84561,0.84714,0.82184,0.82253,0.51006,1.13441,0.47306,1.25632,0.000778233,0.000778233,0.000778233
232,2059.57,0.46085,0.27598,0.83895,0.97461,0.77447,0.83461,0.49485,1.16112,0.4876,1.28717,0.000775404,0.000775404,0.000775404
233,2069.71,0.47564,0.28436,0.83739,0.92471,0.79702,0.82451,0.53073,1.15911,0.47825,1.2818,0.000772575,0.000772575,0.000772575
234,2077.99,0.46859,0.27846,0.83264,0.94195,0.83982,0.86057,0.52476,1.15704,0.46027,1.2809,0.000769745,0.000769745,0.000769745
235,2087.23,0.47348,0.27554,0.83403,0.90434,0.81508,0.81924,0.51224,1.15059,0.46979,1.27703,0.000766916,0.000766916,0.000766916
236,2095.3,0.47743,0.28286,0.83768,0.8694,0.7813,0.78876,0.49965,1.15175,0.48736,1.27745,0.000764086,0.000764086,0.000764086
237,2104.59,0.47619,0.28325,0.84038,0.86918,0.81767,0.79494,0.47931,1.15847,0.49206,1.26207,0.000761257,0.000761257,0.000761257
238,2112.76,0.49896,0.29148,0.84704,0.87133,0.82099,0.79974,0.49895,1.14239,0.51075,1.26271,0.000758427,0.000758427,0.000758427
239,2122,0.51196,0.29369,0.84278,0.91298,0.8345,0.82976,0.50727,1.1459,0.50096,1.26529,0.000755598,0.000755598,0.000755598
240,2130.01,0.50567,0.29748,0.84594,0.90762,0.83179,0.83492,0.50798,1.13601,0.50438,1.26715,0.000752769,0.000752769,0.000752769
241,2139.06,0.48248,0.29117,0.84197,0.89982,0.84005,0.82452,0.50179,1.13031,0.50003,1.25882,0.000749939,0.000749939,0.000749939
242,2147.39,0.48468,0.28732,0.83509,0.85776,0.81761,0.80524,0.5093,1.15108,0.49284,1.29215,0.00074711,0.00074711,0.00074711
243,2156.36,0.47911,0.2821,0.84523,0.84374,0.81891,0.80948,0.5151,1.165,0.49449,1.3253,0.00074428,0.00074428,0.00074428
244,2165,0.47576,0.27572,0.84048,0.84762,0.81435,0.80726,0.52264,1.12981,0.48429,1.28291,0.000741451,0.000741451,0.000741451
245,2173.95,0.48587,0.28404,0.83773,0.89033,0.78334,0.79776,0.5154,1.10385,0.47784,1.23223,0.000738622,0.000738622,0.000738622
246,2182.63,0.47118,0.28184,0.83534,0.93591,0.81797,0.8392,0.52789,1.10727,0.45968,1.24978,0.000735792,0.000735792,0.000735792
247,2191.42,0.46956,0.27694,0.83745,0.83968,0.79924,0.79429,0.52259,1.1134,0.47619,1.25648,0.000732963,0.000732963,0.000732963
248,2200,0.47129,0.27678,0.8439,0.8201,0.81857,0.80422,0.51619,1.14161,0.47999,1.27537,0.000730133,0.000730133,0.000730133
249,2208.85,0.50867,0.29021,0.84895,0.87762,0.81151,0.80461,0.51606,1.14719,0.47772,1.28893,0.000727304,0.000727304,0.000727304
250,2217.67,0.46815,0.27711,0.83967,0.87398,0.80045,0.79142,0.50609,1.13404,0.51167,1.28133,0.000724474,0.000724474,0.000724474
251,2226.16,0.47511,0.28202,0.8381,0.8761,0.80997,0.80656,0.50908,1.17083,0.51374,1.31753,0.000721645,0.000721645,0.000721645
252,2235.49,0.46449,0.27915,0.83469,0.8734,0.81435,0.8042,0.50196,1.16293,0.47662,1.29194,0.000718816,0.000718816,0.000718816
253,2243.78,0.46879,0.27509,0.83056,0.88345,0.81098,0.80384,0.49283,1.1504,0.47305,1.26652,0.000715986,0.000715986,0.000715986
254,2252.94,0.46862,0.27719,0.83837,0.87309,0.81067,0.81001,0.49025,1.14721,0.48671,1.27909,0.000713157,0.000713157,0.000713157
255,2261.32,0.45719,0.27043,0.83258,0.89358,0.78354,0.80016,0.50544,1.12876,0.47578,1.27551,0.000710327,0.000710327,0.000710327
256,2270.88,0.46723,0.27631,0.83771,0.88438,0.81391,0.8162,0.4854,1.13851,0.49025,1.27063,0.000707498,0.000707498,0.000707498
257,2279.12,0.47014,0.27759,0.83207,0.86559,0.81823,0.82735,0.52627,1.12052,0.49051,1.26473,0.000704668,0.000704668,0.000704668
258,2288.31,0.45733,0.27189,0.83444,0.83889,0.81276,0.78708,0.50369,1.12835,0.49276,1.26146,0.000701839,0.000701839,0.000701839
259,2296.31,0.45902,0.27547,0.83507,0.87023,0.78895,0.78681,0.4999,1.13194,0.50507,1.24418,0.00069901,0.00069901,0.00069901
260,2305.93,0.47172,0.27781,0.84159,0.85296,0.79306,0.78683,0.49812,1.13365,0.48866,1.25751,0.00069618,0.00069618,0.00069618
261,2313.89,0.45327,0.26947,0.82819,0.86318,0.78895,0.7926,0.51495,1.13507,0.49384,1.27449,0.000693351,0.000693351,0.000693351
262,2323.22,0.4669,0.27304,0.83557,0.8851,0.76034,0.79291,0.50498,1.1218,0.49822,1.2418,0.000690521,0.000690521,0.000690521
263,2331.33,0.45968,0.27397,0.84274,0.83877,0.81087,0.79407,0.50467,1.11584,0.49945,1.23646,0.000687692,0.000687692,0.000687692
264,2340.51,0.4597,0.27266,0.83225,0.83208,0.81558,0.80258,0.5072,1.14191,0.51068,1.25746,0.000684863,0.000684863,0.000684863
265,2350.56,0.46197,0.27745,0.83886,0.90602,0.80658,0.83458,0.53101,1.14704,0.50436,1.26927,0.000682033,0.000682033,0.000682033
266,2359.79,0.44729,0.26848,0.82624,0.87347,0.78247,0.79943,0.5192,1.16606,0.50414,1.28602,0.000679204,0.000679204,0.000679204
267,2368.15,0.45772,0.27162,0.83745,0.89164,0.83451,0.83387,0.50736,1.1603,0.48883,1.2831,0.000676374,0.000676374,0.000676374
268,2377.42,0.45448,0.27017,0.83638,0.85652,0.82099,0.81056,0.51077,1.14384,0.47961,1.27168,0.000673545,0.000673545,0.000673545
269,2385.9,0.45206,0.27367,0.83859,0.81751,0.81814,0.80807,0.50304,1.12844,0.48415,1.2432,0.000670715,0.000670715,0.000670715
270,2394.89,0.45884,0.27253,0.82971,0.93163,0.79816,0.83461,0.53792,1.11691,0.48081,1.22808,0.000667886,0.000667886,0.000667886
271,2403.5,0.45988,0.27323,0.83454,0.90885,0.80537,0.84239,0.51284,1.14148,0.48008,1.26148,0.000665057,0.000665057,0.000665057
272,2412.64,0.45124,0.27003,0.8331,0.86457,0.83191,0.84237,0.53109,1.12652,0.47683,1.26912,0.000662227,0.000662227,0.000662227
273,2421.23,0.47638,0.27967,0.84087,0.85432,0.80647,0.80482,0.51085,1.13947,0.48837,1.29134,0.000659398,0.000659398,0.000659398
274,2430.04,0.44187,0.26779,0.83395,0.85373,0.79116,0.80068,0.51153,1.16012,0.49015,1.32356,0.000656568,0.000656568,0.000656568
